,ts,temp,new_point
0,2023-03-07T21:05:00+04:00 Dubai,23.522281646728516°C,34.59%
1,2023-03-07T21:10:00+04:00 Dubai,23.522281646728516°C,34.59%
2,2023-03-07T21:15:00+04:00 Dubai,23.522281646728516°C,34.59%
3,2023-03-07T21:20:00+04:00 Dubai,23.522281646728516°C,34.59%
4,2023-03-07T21:25:00+04:00 Dubai,23.522281646728516°C,34.59%
5,2023-03-07T21:30:00+04:00 Dubai,23.522281646728516°C,34.59%
6,2023-03-07T21:35:00+04:00 Dubai,23.522281646728516°C,34.59%
7,2023-03-07T21:40:00+04:00 Dubai,23.522281646728516°C,34.59%
8,2023-03-07T21:45:00+04:00 Dubai,23.522281646728516°C,34.59%
9,2023-03-07T21:50:00+04:00 Dubai,23.522281646728516°C,34.59%
10,2023-03-07T21:55:00+04:00 Dubai,23.522281646728516°C,34.59%
11,2023-03-07T22:00:00+04:00 Dubai,23.522281646728516°C,34.59%
12,2023-03-07T22:05:00+04:00 Dubai,23.522281646728516°C,34.59%
13,2023-03-07T22:10:00+04:00 Dubai,23.522281646728516°C,34.59%
14,2023-03-07T22:15:00+04:00 Dubai,23.522281646728516°C,34.59%
15,2023-03-07T22:20:00+04:00 Dubai,23.522281646728516°C,34.59%
16,2023-03-07T22:25:00+04:00 Dubai,23.522281646728516°C,34.59%
17,2023-03-07T22:30:00+04:00 Dubai,23.522281646728516°C,34.59%
18,2023-03-07T22:35:00+04:00 Dubai,23.522281646728516°C,34.59%
19,2023-03-07T22:40:00+04:00 Dubai,23.522281646728516°C,34.59%
20,2023-03-07T22:45:00+04:00 Dubai,23.522281646728516°C,34.59%
21,2023-03-07T22:50:00+04:00 Dubai,23.522281646728516°C,34.59%
22,2023-03-07T22:55:00+04:00 Dubai,23.522281646728516°C,34.59%
23,2023-03-07T23:00:00+04:00 Dubai,23.522281646728516°C,34.59%
24,2023-03-07T23:05:00+04:00 Dubai,23.522281646728516°C,34.59%
25,2023-03-07T23:10:00+04:00 Dubai,23.522281646728516°C,34.59%
26,2023-03-07T23:15:00+04:00 Dubai,23.522281646728516°C,34.59%
27,2023-03-07T23:20:00+04:00 Dubai,23.522281646728516°C,34.59%
28,2023-03-07T23:25:00+04:00 Dubai,23.522281646728516°C,34.59%
29,2023-03-07T23:30:00+04:00 Dubai,23.522281646728516°C,34.59%
30,2023-03-07T23:35:00+04:00 Dubai,23.522281646728516°C,34.59%
31,2023-03-07T23:40:00+04:00 Dubai,23.522281646728516°C,34.59%
32,2023-03-07T23:45:00+04:00 Dubai,23.522281646728516°C,34.59%
33,2023-03-07T23:50:00+04:00 Dubai,23.522281646728516°C,34.59%
34,2023-03-07T23:55:00+04:00 Dubai,23.522281646728516°C,34.59%
35,2023-03-08T00:00:00+04:00 Dubai,23.522281646728516°C,0%
36,2023-03-08T00:05:00+04:00 Dubai,23.522281646728516°C,0%
37,2023-03-08T00:10:00+04:00 Dubai,23.522281646728516°C,26.05%
38,2023-03-08T00:15:00+04:00 Dubai,23.522281646728516°C,25.21%
39,2023-03-08T00:20:00+04:00 Dubai,23.522281646728516°C,25.21%
40,2023-03-08T00:25:00+04:00 Dubai,23.522281646728516°C,26.22%
41,2023-03-08T00:30:00+04:00 Dubai,23.373516082763672°C,27.41%
42,2023-03-08T00:35:00+04:00 Dubai,23.373516082763672°C,28.57%
43,2023-03-08T00:40:00+04:00 Dubai,23.373516082763672°C,29.58%
44,2023-03-08T00:45:00+04:00 Dubai,23.373516082763672°C,30.72%
45,2023-03-08T00:50:00+04:00 Dubai,23.373516082763672°C,30.72%
46,2023-03-08T00:55:00+04:00 Dubai,23.373516082763672°C,31.79%
47,2023-03-08T01:00:00+04:00 Dubai,23.373516082763672°C,31.79%
48,2023-03-08T01:05:00+04:00 Dubai,23.373516082763672°C,31.79%
49,2023-03-08T01:10:00+04:00 Dubai,23.373516082763672°C,31.79%
50,2023-03-08T01:15:00+04:00 Dubai,23.373516082763672°C,31.79%
51,2023-03-08T01:20:00+04:00 Dubai,23.373516082763672°C,31.79%
52,2023-03-08T01:25:00+04:00 Dubai,23.373516082763672°C,31.79%
53,2023-03-08T01:30:00+04:00 Dubai,23.373516082763672°C,31.79%
54,2023-03-08T01:35:00+04:00 Dubai,23.373516082763672°C,31.79%
55,2023-03-08T01:40:00+04:00 Dubai,23.373516082763672°C,31.79%
56,2023-03-08T01:45:00+04:00 Dubai,23.373516082763672°C,31.79%
57,2023-03-08T01:50:00+04:00 Dubai,23.373516082763672°C,31.79%
58,2023-03-08T01:55:00+04:00 Dubai,23.373516082763672°C,31.79%
59,2023-03-08T02:00:00+04:00 Dubai,23.373516082763672°C,31.79%
60,2023-03-08T02:05:00+04:00 Dubai,23.373516082763672°C,31.79%
61,2023-03-08T02:10:00+04:00 Dubai,23.373516082763672°C,31.79%
62,2023-03-08T02:15:00+04:00 Dubai,23.373516082763672°C,31.79%
63,2023-03-08T02:20:00+04:00 Dubai,23.373516082763672°C,31.79%
64,2023-03-08T02:25:00+04:00 Dubai,23.373516082763672°C,31.79%
65,2023-03-08T02:30:00+04:00 Dubai,23.373516082763672°C,31.79%
66,2023-03-08T02:35:00+04:00 Dubai,23.373516082763672°C,31.79%
67,2023-03-08T02:40:00+04:00 Dubai,23.373516082763672°C,31.79%
68,2023-03-08T02:45:00+04:00 Dubai,23.373516082763672°C,31.79%
69,2023-03-08T02:50:00+04:00 Dubai,23.373516082763672°C,31.79%
70,2023-03-08T02:55:00+04:00 Dubai,23.373516082763672°C,31.79%
71,2023-03-08T03:00:00+04:00 Dubai,23.373516082763672°C,31.79%
72,2023-03-08T03:05:00+04:00 Dubai,23.373516082763672°C,31.79%
73,2023-03-08T03:10:00+04:00 Dubai,23.373516082763672°C,31.79%
74,2023-03-08T03:15:00+04:00 Dubai,23.373516082763672°C,31.79%
75,2023-03-08T03:20:00+04:00 Dubai,23.373516082763672°C,31.79%
76,2023-03-08T03:25:00+04:00 Dubai,23.373516082763672°C,31.79%
77,2023-03-08T03:30:00+04:00 Dubai,23.224395751953125°C,31.79%
78,2023-03-08T03:35:00+04:00 Dubai,23.224395751953125°C,31.79%
79,2023-03-08T03:40:00+04:00 Dubai,23.224395751953125°C,31.79%
80,2023-03-08T03:45:00+04:00 Dubai,23.224395751953125°C,31.79%
81,2023-03-08T03:50:00+04:00 Dubai,23.224395751953125°C,31.79%
82,2023-03-08T03:55:00+04:00 Dubai,23.224395751953125°C,31.79%
83,2023-03-08T04:00:00+04:00 Dubai,23.224395751953125°C,31.79%
84,2023-03-08T04:05:00+04:00 Dubai,23.224395751953125°C,31.79%
85,2023-03-08T04:10:00+04:00 Dubai,23.224395751953125°C,31.79%
86,2023-03-08T04:15:00+04:00 Dubai,23.224395751953125°C,31.79%
87,2023-03-08T04:20:00+04:00 Dubai,23.224395751953125°C,31.79%
88,2023-03-08T04:25:00+04:00 Dubai,23.224395751953125°C,31.79%
89,2023-03-08T04:30:00+04:00 Dubai,23.224395751953125°C,31.79%
90,2023-03-08T04:35:00+04:00 Dubai,23.224395751953125°C,31.79%
91,2023-03-08T04:40:00+04:00 Dubai,23.224395751953125°C,31.79%
92,2023-03-08T04:45:00+04:00 Dubai,23.224395751953125°C,31.79%
93,2023-03-08T04:50:00+04:00 Dubai,23.224395751953125°C,31.79%
94,2023-03-08T04:55:00+04:00 Dubai,23.224395751953125°C,31.79%
95,2023-03-08T05:00:00+04:00 Dubai,23.224395751953125°C,31.79%
96,2023-03-08T05:05:00+04:00 Dubai,23.224395751953125°C,31.79%
97,2023-03-08T05:10:00+04:00 Dubai,23.224395751953125°C,31.79%
98,2023-03-08T05:15:00+04:00 Dubai,23.224395751953125°C,31.79%
99,2023-03-08T05:20:00+04:00 Dubai,23.224395751953125°C,31.79%
100,2023-03-08T05:25:00+04:00 Dubai,23.224395751953125°C,31.79%
101,2023-03-08T05:30:00+04:00 Dubai,23.224395751953125°C,31.79%
102,2023-03-08T05:35:00+04:00 Dubai,23.37310028076172°C,31.79%
103,2023-03-08T05:40:00+04:00 Dubai,23.37310028076172°C,31.79%
104,2023-03-08T05:45:00+04:00 Dubai,23.37310028076172°C,31.79%
105,2023-03-08T05:50:00+04:00 Dubai,23.37310028076172°C,31.79%
106,2023-03-08T05:55:00+04:00 Dubai,23.523386001586914°C,31.79%
107,2023-03-08T06:00:00+04:00 Dubai,23.523386001586914°C,31.79%
108,2023-03-08T06:05:00+04:00 Dubai,23.523386001586914°C,31.79%
109,2023-03-08T06:10:00+04:00 Dubai,23.523386001586914°C,31.79%
110,2023-03-08T06:15:00+04:00 Dubai,23.523386001586914°C,31.79%
111,2023-03-08T06:20:00+04:00 Dubai,23.523386001586914°C,31.79%
112,2023-03-08T06:25:00+04:00 Dubai,23.523386001586914°C,31.79%
113,2023-03-08T06:30:00+04:00 Dubai,23.374847412109375°C,31.79%
114,2023-03-08T06:35:00+04:00 Dubai,23.374847412109375°C,31.79%
115,2023-03-08T06:40:00+04:00 Dubai,23.374847412109375°C,31.79%
116,2023-03-08T06:45:00+04:00 Dubai,23.374847412109375°C,31.79%
117,2023-03-08T06:50:00+04:00 Dubai,23.374847412109375°C,31.79%
118,2023-03-08T06:55:00+04:00 Dubai,23.374847412109375°C,31.79%
119,2023-03-08T07:00:00+04:00 Dubai,23.374847412109375°C,31.79%
120,2023-03-08T07:05:00+04:00 Dubai,23.374847412109375°C,31.79%
121,2023-03-08T07:10:00+04:00 Dubai,23.374847412109375°C,31.79%
122,2023-03-08T07:15:00+04:00 Dubai,23.374847412109375°C,31.79%
123,2023-03-08T07:20:00+04:00 Dubai,23.374847412109375°C,31.79%
124,2023-03-08T07:25:00+04:00 Dubai,23.374847412109375°C,31.79%
125,2023-03-08T07:30:00+04:00 Dubai,23.374847412109375°C,31.79%
126,2023-03-08T07:35:00+04:00 Dubai,23.374847412109375°C,31.79%
127,2023-03-08T07:40:00+04:00 Dubai,23.374847412109375°C,31.79%
128,2023-03-08T07:45:00+04:00 Dubai,23.374847412109375°C,31.79%
129,2023-03-08T07:50:00+04:00 Dubai,23.374847412109375°C,31.79%
130,2023-03-08T07:55:00+04:00 Dubai,23.374847412109375°C,31.79%
131,2023-03-08T08:00:00+04:00 Dubai,23.374847412109375°C,32.89%
132,2023-03-08T08:05:00+04:00 Dubai,23.525197982788086°C,33.98%
133,2023-03-08T08:10:00+04:00 Dubai,23.525197982788086°C,35.22%
134,2023-03-08T08:15:00+04:00 Dubai,23.525197982788086°C,36.53%
135,2023-03-08T08:20:00+04:00 Dubai,23.525197982788086°C,35.03%
136,2023-03-08T08:25:00+04:00 Dubai,23.67486000061035°C,35.03%
137,2023-03-08T08:30:00+04:00 Dubai,23.67486000061035°C,35.03%
138,2023-03-08T08:35:00+04:00 Dubai,23.67486000061035°C,35.03%
139,2023-03-08T08:40:00+04:00 Dubai,23.67486000061035°C,35.03%
140,2023-03-08T08:45:00+04:00 Dubai,23.67486000061035°C,35.03%
141,2023-03-08T08:50:00+04:00 Dubai,23.823959350585938°C,36.18%
142,2023-03-08T08:55:00+04:00 Dubai,23.823959350585938°C,38.45%
143,2023-03-08T09:00:00+04:00 Dubai,23.823959350585938°C,39.72%
144,2023-03-08T09:05:00+04:00 Dubai,23.823959350585938°C,39.74%
145,2023-03-08T09:10:00+04:00 Dubai,23.823959350585938°C,39.74%
146,2023-03-08T09:15:00+04:00 Dubai,23.972896575927734°C,39.74%
147,2023-03-08T09:20:00+04:00 Dubai,23.972896575927734°C,39.74%
148,2023-03-08T09:25:00+04:00 Dubai,23.972896575927734°C,39.74%
149,2023-03-08T09:30:00+04:00 Dubai,24.121675491333008°C,39.74%
150,2023-03-08T09:35:00+04:00 Dubai,24.121675491333008°C,39.74%
151,2023-03-08T09:40:00+04:00 Dubai,24.121675491333008°C,39.74%
152,2023-03-08T09:45:00+04:00 Dubai,24.121675491333008°C,40.77%
153,2023-03-08T09:50:00+04:00 Dubai,24.121675491333008°C,43.33%
154,2023-03-08T09:55:00+04:00 Dubai,24.121675491333008°C,44.82%
155,2023-03-08T10:00:00+04:00 Dubai,24.121675491333008°C,43.74%
156,2023-03-08T10:05:00+04:00 Dubai,24.121675491333008°C,43.74%
157,2023-03-08T10:10:00+04:00 Dubai,24.121675491333008°C,44.92%
158,2023-03-08T10:15:00+04:00 Dubai,24.121675491333008°C,46.18%
159,2023-03-08T10:20:00+04:00 Dubai,24.27035140991211°C,48.59%
160,2023-03-08T10:25:00+04:00 Dubai,24.27035140991211°C,49.97%
161,2023-03-08T10:30:00+04:00 Dubai,24.27035140991211°C,48.55%
162,2023-03-08T10:35:00+04:00 Dubai,24.27035140991211°C,48.55%
163,2023-03-08T10:40:00+04:00 Dubai,24.27035140991211°C,48.55%
164,2023-03-08T10:45:00+04:00 Dubai,24.27035140991211°C,48.55%
165,2023-03-08T10:50:00+04:00 Dubai,24.27035140991211°C,48.55%
166,2023-03-08T10:55:00+04:00 Dubai,24.27035140991211°C,48.55%
167,2023-03-08T11:00:00+04:00 Dubai,24.4200382232666°C,48.55%
168,2023-03-08T11:05:00+04:00 Dubai,24.4200382232666°C,48.55%
169,2023-03-08T11:10:00+04:00 Dubai,24.4200382232666°C,48.55%
170,2023-03-08T11:15:00+04:00 Dubai,24.4200382232666°C,48.55%
171,2023-03-08T11:20:00+04:00 Dubai,24.4200382232666°C,48.55%
172,2023-03-08T11:25:00+04:00 Dubai,24.4200382232666°C,48.55%
173,2023-03-08T11:30:00+04:00 Dubai,24.4200382232666°C,48.55%
174,2023-03-08T11:35:00+04:00 Dubai,24.4200382232666°C,48.55%
175,2023-03-08T11:40:00+04:00 Dubai,24.4200382232666°C,48.55%
176,2023-03-08T11:45:00+04:00 Dubai,24.4200382232666°C,48.55%
177,2023-03-08T11:50:00+04:00 Dubai,24.271451950073242°C,48.55%
178,2023-03-08T11:55:00+04:00 Dubai,24.271451950073242°C,48.55%
179,2023-03-08T12:00:00+04:00 Dubai,24.271451950073242°C,48.55%
180,2023-03-08T12:05:00+04:00 Dubai,24.271451950073242°C,48.55%
181,2023-03-08T12:10:00+04:00 Dubai,24.271451950073242°C,48.55%
182,2023-03-08T12:15:00+04:00 Dubai,24.271451950073242°C,48.55%
183,2023-03-08T12:20:00+04:00 Dubai,24.271451950073242°C,48.55%
184,2023-03-08T12:25:00+04:00 Dubai,24.122512817382812°C,47.52%
185,2023-03-08T12:30:00+04:00 Dubai,24.122512817382812°C,46.49%
186,2023-03-08T12:35:00+04:00 Dubai,24.122512817382812°C,46.49%
187,2023-03-08T12:40:00+04:00 Dubai,24.122512817382812°C,46.49%
188,2023-03-08T12:45:00+04:00 Dubai,24.122512817382812°C,46.49%
189,2023-03-08T12:50:00+04:00 Dubai,24.122512817382812°C,46.49%
190,2023-03-08T12:55:00+04:00 Dubai,24.122512817382812°C,46.49%
191,2023-03-08T13:00:00+04:00 Dubai,24.27130126953125°C,46.49%
192,2023-03-08T13:05:00+04:00 Dubai,24.27130126953125°C,46.49%
193,2023-03-08T13:10:00+04:00 Dubai,24.27130126953125°C,46.49%
194,2023-03-08T13:15:00+04:00 Dubai,24.27130126953125°C,46.49%
195,2023-03-08T13:20:00+04:00 Dubai,24.27130126953125°C,46.49%
196,2023-03-08T13:25:00+04:00 Dubai,24.27130126953125°C,46.49%
197,2023-03-08T13:30:00+04:00 Dubai,24.27130126953125°C,46.49%
198,2023-03-08T13:35:00+04:00 Dubai,24.27130126953125°C,46.49%
199,2023-03-08T13:40:00+04:00 Dubai,24.27130126953125°C,46.49%
200,2023-03-08T13:45:00+04:00 Dubai,24.27130126953125°C,46.49%
201,2023-03-08T13:50:00+04:00 Dubai,24.27130126953125°C,46.49%
202,2023-03-08T13:55:00+04:00 Dubai,24.27130126953125°C,46.49%
203,2023-03-08T14:00:00+04:00 Dubai,24.27130126953125°C,46.49%
204,2023-03-08T14:05:00+04:00 Dubai,24.421180725097656°C,46.49%
205,2023-03-08T14:10:00+04:00 Dubai,24.421180725097656°C,46.49%
206,2023-03-08T14:15:00+04:00 Dubai,24.421180725097656°C,46.49%
207,2023-03-08T14:20:00+04:00 Dubai,24.421180725097656°C,46.49%
208,2023-03-08T14:25:00+04:00 Dubai,24.421180725097656°C,46.49%
209,2023-03-08T14:30:00+04:00 Dubai,24.421180725097656°C,46.49%
210,2023-03-08T14:35:00+04:00 Dubai,24.421180725097656°C,46.49%
211,2023-03-08T14:40:00+04:00 Dubai,24.421180725097656°C,45.34%
212,2023-03-08T14:45:00+04:00 Dubai,24.421180725097656°C,44.11%
213,2023-03-08T14:50:00+04:00 Dubai,24.421180725097656°C,44.11%
214,2023-03-08T14:55:00+04:00 Dubai,24.421180725097656°C,43.10%
215,2023-03-08T15:00:00+04:00 Dubai,24.421180725097656°C,43.52%
216,2023-03-08T15:05:00+04:00 Dubai,24.421180725097656°C,43.52%
217,2023-03-08T15:10:00+04:00 Dubai,24.421180725097656°C,43.52%
218,2023-03-08T15:15:00+04:00 Dubai,24.421180725097656°C,43.52%
219,2023-03-08T15:20:00+04:00 Dubai,24.421180725097656°C,43.52%
220,2023-03-08T15:25:00+04:00 Dubai,24.421180725097656°C,42.35%
221,2023-03-08T15:30:00+04:00 Dubai,24.421180725097656°C,42.35%
222,2023-03-08T15:35:00+04:00 Dubai,24.421180725097656°C,42.35%
223,2023-03-08T15:40:00+04:00 Dubai,24.421180725097656°C,41.32%
224,2023-03-08T15:45:00+04:00 Dubai,24.421180725097656°C,41.32%
225,2023-03-08T15:50:00+04:00 Dubai,24.421180725097656°C,41.32%
226,2023-03-08T15:55:00+04:00 Dubai,24.421180725097656°C,41.32%
227,2023-03-08T16:00:00+04:00 Dubai,24.421180725097656°C,40.02%
228,2023-03-08T16:05:00+04:00 Dubai,24.421180725097656°C,40.02%
229,2023-03-08T16:10:00+04:00 Dubai,24.421180725097656°C,38.95%
230,2023-03-08T16:15:00+04:00 Dubai,24.421180725097656°C,37.93%
231,2023-03-08T16:20:00+04:00 Dubai,24.421180725097656°C,37.93%
232,2023-03-08T16:25:00+04:00 Dubai,24.421180725097656°C,37.93%
233,2023-03-08T16:30:00+04:00 Dubai,24.421180725097656°C,37.93%
234,2023-03-08T16:35:00+04:00 Dubai,24.421180725097656°C,37.93%
235,2023-03-08T16:40:00+04:00 Dubai,24.421180725097656°C,37.93%
236,2023-03-08T16:45:00+04:00 Dubai,24.421180725097656°C,37.93%
237,2023-03-08T16:50:00+04:00 Dubai,24.421180725097656°C,37.93%
238,2023-03-08T16:55:00+04:00 Dubai,24.421180725097656°C,37.93%
239,2023-03-08T17:00:00+04:00 Dubai,24.421180725097656°C,37.93%
240,2023-03-08T17:05:00+04:00 Dubai,24.421180725097656°C,39.22%
241,2023-03-08T17:10:00+04:00 Dubai,24.421180725097656°C,40.29%
242,2023-03-08T17:15:00+04:00 Dubai,24.421180725097656°C,40.29%
243,2023-03-08T17:20:00+04:00 Dubai,24.421180725097656°C,41.34%
244,2023-03-08T17:25:00+04:00 Dubai,24.421180725097656°C,41.34%
245,2023-03-08T17:30:00+04:00 Dubai,24.421180725097656°C,41.34%
246,2023-03-08T17:35:00+04:00 Dubai,24.421180725097656°C,41.34%
247,2023-03-08T17:40:00+04:00 Dubai,24.421180725097656°C,41.34%
248,2023-03-08T17:45:00+04:00 Dubai,24.272642135620117°C,41.34%
249,2023-03-08T17:50:00+04:00 Dubai,24.272642135620117°C,41.34%
250,2023-03-08T17:55:00+04:00 Dubai,24.272642135620117°C,41.34%
251,2023-03-08T18:00:00+04:00 Dubai,24.272642135620117°C,41.34%
252,2023-03-08T18:05:00+04:00 Dubai,24.12392807006836°C,41.34%
253,2023-03-08T18:10:00+04:00 Dubai,24.12392807006836°C,41.34%
254,2023-03-08T18:15:00+04:00 Dubai,24.12392807006836°C,41.34%
255,2023-03-08T18:20:00+04:00 Dubai,23.973649978637695°C,41.34%
256,2023-03-08T18:25:00+04:00 Dubai,23.973649978637695°C,41.34%
257,2023-03-08T18:30:00+04:00 Dubai,23.973649978637695°C,41.34%
258,2023-03-08T18:35:00+04:00 Dubai,23.973649978637695°C,41.34%
259,2023-03-08T18:40:00+04:00 Dubai,23.973649978637695°C,40.33%
260,2023-03-08T18:45:00+04:00 Dubai,23.973649978637695°C,39.08%
261,2023-03-08T18:50:00+04:00 Dubai,23.973649978637695°C,37.95%
262,2023-03-08T18:55:00+04:00 Dubai,23.973649978637695°C,35.70%
263,2023-03-08T19:00:00+04:00 Dubai,23.973649978637695°C,34.55%
264,2023-03-08T19:05:00+04:00 Dubai,23.973649978637695°C,32.33%
265,2023-03-08T19:10:00+04:00 Dubai,23.824514389038086°C,34.19%
266,2023-03-08T19:15:00+04:00 Dubai,23.824514389038086°C,34.19%
267,2023-03-08T19:20:00+04:00 Dubai,23.824514389038086°C,34.19%
268,2023-03-08T19:25:00+04:00 Dubai,23.824514389038086°C,34.19%
269,2023-03-08T19:30:00+04:00 Dubai,23.824514389038086°C,34.19%
270,2023-03-08T19:35:00+04:00 Dubai,23.824514389038086°C,34.19%
271,2023-03-08T19:40:00+04:00 Dubai,23.824514389038086°C,34.19%
272,2023-03-08T19:45:00+04:00 Dubai,23.824514389038086°C,34.19%
273,2023-03-08T19:50:00+04:00 Dubai,23.675134658813477°C,34.19%
274,2023-03-08T19:55:00+04:00 Dubai,23.675134658813477°C,34.19%
275,2023-03-08T20:00:00+04:00 Dubai,23.675134658813477°C,34.19%
276,2023-03-08T20:05:00+04:00 Dubai,23.675134658813477°C,34.19%
277,2023-03-08T20:10:00+04:00 Dubai,23.675134658813477°C,34.19%
278,2023-03-08T20:15:00+04:00 Dubai,23.675134658813477°C,34.19%
279,2023-03-08T20:20:00+04:00 Dubai,23.675134658813477°C,34.19%
280,2023-03-08T20:25:00+04:00 Dubai,23.675134658813477°C,34.19%
281,2023-03-08T20:30:00+04:00 Dubai,23.675134658813477°C,34.19%
282,2023-03-08T20:35:00+04:00 Dubai,23.675134658813477°C,34.19%
283,2023-03-08T20:40:00+04:00 Dubai,23.675134658813477°C,34.19%
284,2023-03-08T20:45:00+04:00 Dubai,23.675134658813477°C,34.19%
285,2023-03-08T20:50:00+04:00 Dubai,23.675134658813477°C,34.19%
286,2023-03-08T20:55:00+04:00 Dubai,23.675134658813477°C,34.19%
287,2023-03-08T21:00:00+04:00 Dubai,23.675134658813477°C,34.19%
288,2023-03-08T21:05:00+04:00 Dubai,23.675134658813477°C,34.19%
289,2023-03-08T21:10:00+04:00 Dubai,23.675134658813477°C,34.19%
290,2023-03-08T21:15:00+04:00 Dubai,23.675134658813477°C,34.19%
291,2023-03-08T21:20:00+04:00 Dubai,23.675134658813477°C,34.19%
292,2023-03-08T21:25:00+04:00 Dubai,23.675134658813477°C,34.19%
293,2023-03-08T21:30:00+04:00 Dubai,23.675134658813477°C,34.19%
294,2023-03-08T21:35:00+04:00 Dubai,23.675134658813477°C,34.19%
295,2023-03-08T21:40:00+04:00 Dubai,23.675134658813477°C,34.19%
296,2023-03-08T21:45:00+04:00 Dubai,23.675134658813477°C,34.19%
297,2023-03-08T21:50:00+04:00 Dubai,23.675134658813477°C,34.19%
298,2023-03-08T21:55:00+04:00 Dubai,23.675134658813477°C,34.19%
299,2023-03-08T22:00:00+04:00 Dubai,23.675134658813477°C,34.19%
300,2023-03-08T22:05:00+04:00 Dubai,23.675134658813477°C,34.19%
301,2023-03-08T22:10:00+04:00 Dubai,23.675134658813477°C,34.19%
302,2023-03-08T22:15:00+04:00 Dubai,23.675134658813477°C,34.19%
303,2023-03-08T22:20:00+04:00 Dubai,23.675134658813477°C,34.19%
304,2023-03-08T22:25:00+04:00 Dubai,23.675134658813477°C,34.19%
305,2023-03-08T22:30:00+04:00 Dubai,23.675134658813477°C,34.19%
306,2023-03-08T22:35:00+04:00 Dubai,23.675134658813477°C,34.19%
307,2023-03-08T22:40:00+04:00 Dubai,23.824047088623047°C,34.19%
308,2023-03-08T22:45:00+04:00 Dubai,23.824047088623047°C,34.19%
309,2023-03-08T22:50:00+04:00 Dubai,23.824047088623047°C,34.19%
310,2023-03-08T22:55:00+04:00 Dubai,23.824047088623047°C,34.19%
311,2023-03-08T23:00:00+04:00 Dubai,23.824047088623047°C,34.19%
312,2023-03-08T23:05:00+04:00 Dubai,23.824047088623047°C,34.19%
313,2023-03-08T23:10:00+04:00 Dubai,23.824047088623047°C,34.19%
314,2023-03-08T23:15:00+04:00 Dubai,23.824047088623047°C,34.19%
315,2023-03-08T23:20:00+04:00 Dubai,23.824047088623047°C,34.19%
316,2023-03-08T23:25:00+04:00 Dubai,23.824047088623047°C,34.19%
317,2023-03-08T23:30:00+04:00 Dubai,23.824047088623047°C,34.19%
318,2023-03-08T23:35:00+04:00 Dubai,23.824047088623047°C,34.19%
319,2023-03-08T23:40:00+04:00 Dubai,23.824047088623047°C,34.19%
320,2023-03-08T23:45:00+04:00 Dubai,23.824047088623047°C,34.19%
321,2023-03-08T23:50:00+04:00 Dubai,23.824047088623047°C,34.19%
322,2023-03-08T23:55:00+04:00 Dubai,23.824047088623047°C,34.19%
323,2023-03-09T00:00:00+04:00 Dubai,23.824047088623047°C,0%
324,2023-03-09T00:05:00+04:00 Dubai,23.824047088623047°C,6.37%
325,2023-03-09T00:10:00+04:00 Dubai,23.824047088623047°C,23.84%
326,2023-03-09T00:15:00+04:00 Dubai,23.824047088623047°C,27.22%
327,2023-03-09T00:20:00+04:00 Dubai,23.824047088623047°C,29.70%
328,2023-03-09T00:25:00+04:00 Dubai,23.824047088623047°C,31.06%
329,2023-03-09T00:30:00+04:00 Dubai,23.824047088623047°C,32.08%
330,2023-03-09T00:35:00+04:00 Dubai,23.824047088623047°C,33.33%
331,2023-03-09T00:40:00+04:00 Dubai,23.824047088623047°C,34.33%
332,2023-03-09T00:45:00+04:00 Dubai,23.824047088623047°C,35.47%
333,2023-03-09T00:50:00+04:00 Dubai,23.824047088623047°C,35.34%
334,2023-03-09T00:55:00+04:00 Dubai,23.824047088623047°C,35.34%
335,2023-03-09T01:00:00+04:00 Dubai,23.824047088623047°C,35.34%
336,2023-03-09T01:05:00+04:00 Dubai,23.824047088623047°C,35.34%
337,2023-03-09T01:10:00+04:00 Dubai,23.824047088623047°C,35.34%
338,2023-03-09T01:15:00+04:00 Dubai,23.824047088623047°C,35.34%
339,2023-03-09T01:20:00+04:00 Dubai,23.824047088623047°C,35.34%
340,2023-03-09T01:25:00+04:00 Dubai,23.824047088623047°C,35.34%
341,2023-03-09T01:30:00+04:00 Dubai,23.824047088623047°C,35.34%
342,2023-03-09T01:35:00+04:00 Dubai,23.824047088623047°C,35.34%
343,2023-03-09T01:40:00+04:00 Dubai,23.824047088623047°C,35.34%
344,2023-03-09T01:45:00+04:00 Dubai,23.824047088623047°C,35.34%
345,2023-03-09T01:50:00+04:00 Dubai,23.824047088623047°C,35.34%
346,2023-03-09T01:55:00+04:00 Dubai,23.824047088623047°C,35.34%
347,2023-03-09T02:00:00+04:00 Dubai,23.824047088623047°C,35.34%
348,2023-03-09T02:05:00+04:00 Dubai,23.824047088623047°C,35.34%
349,2023-03-09T02:10:00+04:00 Dubai,23.824047088623047°C,35.34%
350,2023-03-09T02:15:00+04:00 Dubai,23.824047088623047°C,35.34%
351,2023-03-09T02:20:00+04:00 Dubai,23.824047088623047°C,35.34%
352,2023-03-09T02:25:00+04:00 Dubai,23.824047088623047°C,35.34%
353,2023-03-09T02:30:00+04:00 Dubai,23.824047088623047°C,35.34%
354,2023-03-09T02:35:00+04:00 Dubai,23.824047088623047°C,35.34%
355,2023-03-09T02:40:00+04:00 Dubai,23.824047088623047°C,35.34%
356,2023-03-09T02:45:00+04:00 Dubai,23.824047088623047°C,35.34%
357,2023-03-09T02:50:00+04:00 Dubai,23.824047088623047°C,35.34%
358,2023-03-09T02:55:00+04:00 Dubai,23.824047088623047°C,35.34%
359,2023-03-09T03:00:00+04:00 Dubai,23.824047088623047°C,35.34%
360,2023-03-09T03:05:00+04:00 Dubai,23.824047088623047°C,35.34%
361,2023-03-09T03:10:00+04:00 Dubai,23.824047088623047°C,35.34%
362,2023-03-09T03:15:00+04:00 Dubai,23.824047088623047°C,35.34%
363,2023-03-09T03:20:00+04:00 Dubai,23.824047088623047°C,35.34%
364,2023-03-09T03:25:00+04:00 Dubai,23.824047088623047°C,35.34%
365,2023-03-09T03:30:00+04:00 Dubai,23.824047088623047°C,35.34%
366,2023-03-09T03:35:00+04:00 Dubai,23.824047088623047°C,35.34%
367,2023-03-09T03:40:00+04:00 Dubai,23.824047088623047°C,35.34%
368,2023-03-09T03:45:00+04:00 Dubai,23.824047088623047°C,35.34%
369,2023-03-09T03:50:00+04:00 Dubai,23.824047088623047°C,35.34%
370,2023-03-09T03:55:00+04:00 Dubai,23.824047088623047°C,35.34%
371,2023-03-09T04:00:00+04:00 Dubai,23.824047088623047°C,35.34%
372,2023-03-09T04:05:00+04:00 Dubai,23.824047088623047°C,35.34%
373,2023-03-09T04:10:00+04:00 Dubai,23.824047088623047°C,35.34%
374,2023-03-09T04:15:00+04:00 Dubai,23.824047088623047°C,35.34%
375,2023-03-09T04:20:00+04:00 Dubai,23.824047088623047°C,35.34%
376,2023-03-09T04:25:00+04:00 Dubai,23.824047088623047°C,35.34%
377,2023-03-09T04:30:00+04:00 Dubai,23.824047088623047°C,35.34%
378,2023-03-09T04:35:00+04:00 Dubai,23.824047088623047°C,35.34%
379,2023-03-09T04:40:00+04:00 Dubai,23.67473793029785°C,35.34%
380,2023-03-09T04:45:00+04:00 Dubai,23.67473793029785°C,35.34%
381,2023-03-09T04:50:00+04:00 Dubai,23.67473793029785°C,35.34%
382,2023-03-09T04:55:00+04:00 Dubai,23.67473793029785°C,35.34%
383,2023-03-09T05:00:00+04:00 Dubai,23.67473793029785°C,35.34%
384,2023-03-09T05:05:00+04:00 Dubai,23.67473793029785°C,35.34%
385,2023-03-09T05:10:00+04:00 Dubai,23.67473793029785°C,35.34%
386,2023-03-09T05:15:00+04:00 Dubai,23.67473793029785°C,35.34%
387,2023-03-09T05:20:00+04:00 Dubai,23.82361602783203°C,35.34%
388,2023-03-09T05:25:00+04:00 Dubai,23.82361602783203°C,35.34%
389,2023-03-09T05:30:00+04:00 Dubai,23.82361602783203°C,35.34%
390,2023-03-09T05:35:00+04:00 Dubai,23.82361602783203°C,35.34%
391,2023-03-09T05:40:00+04:00 Dubai,23.82361602783203°C,35.34%
392,2023-03-09T05:45:00+04:00 Dubai,23.82361602783203°C,35.34%
393,2023-03-09T05:50:00+04:00 Dubai,23.82361602783203°C,35.34%
394,2023-03-09T05:55:00+04:00 Dubai,23.972549438476562°C,35.34%
395,2023-03-09T06:00:00+04:00 Dubai,23.972549438476562°C,35.34%
396,2023-03-09T06:05:00+04:00 Dubai,23.972549438476562°C,35.34%
397,2023-03-09T06:10:00+04:00 Dubai,23.972549438476562°C,35.34%
398,2023-03-09T06:15:00+04:00 Dubai,23.82345199584961°C,35.34%
399,2023-03-09T06:20:00+04:00 Dubai,23.82345199584961°C,35.34%
400,2023-03-09T06:25:00+04:00 Dubai,23.82345199584961°C,35.34%
401,2023-03-09T06:30:00+04:00 Dubai,23.82345199584961°C,35.34%
402,2023-03-09T06:35:00+04:00 Dubai,23.82345199584961°C,35.34%
403,2023-03-09T06:40:00+04:00 Dubai,23.82345199584961°C,35.34%
404,2023-03-09T06:45:00+04:00 Dubai,23.82345199584961°C,35.34%
405,2023-03-09T06:50:00+04:00 Dubai,23.67344856262207°C,35.34%
406,2023-03-09T06:55:00+04:00 Dubai,23.67344856262207°C,35.34%
407,2023-03-09T07:00:00+04:00 Dubai,23.67344856262207°C,35.34%
408,2023-03-09T07:05:00+04:00 Dubai,23.67344856262207°C,35.34%
409,2023-03-09T07:10:00+04:00 Dubai,23.67344856262207°C,35.34%
410,2023-03-09T07:15:00+04:00 Dubai,23.67344856262207°C,35.34%
411,2023-03-09T07:20:00+04:00 Dubai,23.67344856262207°C,35.34%
412,2023-03-09T07:25:00+04:00 Dubai,23.67344856262207°C,35.34%
413,2023-03-09T07:30:00+04:00 Dubai,23.67344856262207°C,35.34%
414,2023-03-09T07:35:00+04:00 Dubai,23.67344856262207°C,35.34%
415,2023-03-09T07:40:00+04:00 Dubai,23.67344856262207°C,35.34%
416,2023-03-09T07:45:00+04:00 Dubai,23.67344856262207°C,35.34%
417,2023-03-09T07:50:00+04:00 Dubai,23.67344856262207°C,35.34%
418,2023-03-09T07:55:00+04:00 Dubai,23.67344856262207°C,35.34%
419,2023-03-09T08:00:00+04:00 Dubai,23.67344856262207°C,35.34%
420,2023-03-09T08:05:00+04:00 Dubai,23.67344856262207°C,35.34%
421,2023-03-09T08:10:00+04:00 Dubai,23.67344856262207°C,35.34%
422,2023-03-09T08:15:00+04:00 Dubai,23.82286262512207°C,35.34%
423,2023-03-09T08:20:00+04:00 Dubai,23.82286262512207°C,35.34%
424,2023-03-09T08:25:00+04:00 Dubai,23.82286262512207°C,35.34%
425,2023-03-09T08:30:00+04:00 Dubai,23.82286262512207°C,35.34%
426,2023-03-09T08:35:00+04:00 Dubai,23.97266960144043°C,35.34%
427,2023-03-09T08:40:00+04:00 Dubai,23.97266960144043°C,35.34%
428,2023-03-09T08:45:00+04:00 Dubai,23.97266960144043°C,37.55%
429,2023-03-09T08:50:00+04:00 Dubai,23.97266960144043°C,38.77%
430,2023-03-09T08:55:00+04:00 Dubai,24.121627807617188°C,41.06%
431,2023-03-09T09:00:00+04:00 Dubai,24.121627807617188°C,38.93%
432,2023-03-09T09:05:00+04:00 Dubai,24.121627807617188°C,38.93%
433,2023-03-09T09:10:00+04:00 Dubai,24.121627807617188°C,38.93%
434,2023-03-09T09:15:00+04:00 Dubai,24.121627807617188°C,38.93%
435,2023-03-09T09:20:00+04:00 Dubai,24.121627807617188°C,38.93%
436,2023-03-09T09:25:00+04:00 Dubai,24.121627807617188°C,38.93%
437,2023-03-09T09:30:00+04:00 Dubai,24.121627807617188°C,38.93%
438,2023-03-09T09:35:00+04:00 Dubai,24.121627807617188°C,38.93%
439,2023-03-09T09:40:00+04:00 Dubai,24.121627807617188°C,38.93%
440,2023-03-09T09:45:00+04:00 Dubai,24.121627807617188°C,38.93%
441,2023-03-09T09:50:00+04:00 Dubai,24.270416259765625°C,38.93%
442,2023-03-09T09:55:00+04:00 Dubai,24.270416259765625°C,38.93%
443,2023-03-09T10:00:00+04:00 Dubai,24.270416259765625°C,38.93%
444,2023-03-09T10:05:00+04:00 Dubai,24.270416259765625°C,41.41%
445,2023-03-09T10:10:00+04:00 Dubai,24.270416259765625°C,42.60%
446,2023-03-09T10:15:00+04:00 Dubai,24.270416259765625°C,43.68%
447,2023-03-09T10:20:00+04:00 Dubai,24.270416259765625°C,44.75%
448,2023-03-09T10:25:00+04:00 Dubai,24.270416259765625°C,43.33%
449,2023-03-09T10:30:00+04:00 Dubai,24.270416259765625°C,43.33%
450,2023-03-09T10:35:00+04:00 Dubai,24.270416259765625°C,43.33%
451,2023-03-09T10:40:00+04:00 Dubai,24.270416259765625°C,43.33%
452,2023-03-09T10:45:00+04:00 Dubai,24.270416259765625°C,43.33%
453,2023-03-09T10:50:00+04:00 Dubai,24.270416259765625°C,43.33%
454,2023-03-09T10:55:00+04:00 Dubai,24.270416259765625°C,43.33%
455,2023-03-09T11:00:00+04:00 Dubai,24.270416259765625°C,43.33%
456,2023-03-09T11:05:00+04:00 Dubai,24.270416259765625°C,43.33%
457,2023-03-09T11:10:00+04:00 Dubai,24.270416259765625°C,43.33%
458,2023-03-09T11:15:00+04:00 Dubai,24.270416259765625°C,43.33%
459,2023-03-09T11:20:00+04:00 Dubai,24.270416259765625°C,43.33%
460,2023-03-09T11:25:00+04:00 Dubai,24.270416259765625°C,43.33%
461,2023-03-09T11:30:00+04:00 Dubai,24.418983459472656°C,43.33%
462,2023-03-09T11:35:00+04:00 Dubai,24.418983459472656°C,43.33%
463,2023-03-09T11:40:00+04:00 Dubai,24.418983459472656°C,43.33%
464,2023-03-09T11:45:00+04:00 Dubai,24.418983459472656°C,43.33%
465,2023-03-09T11:50:00+04:00 Dubai,24.418983459472656°C,43.33%
466,2023-03-09T11:55:00+04:00 Dubai,24.418983459472656°C,43.33%
467,2023-03-09T12:00:00+04:00 Dubai,24.418983459472656°C,43.33%
468,2023-03-09T12:05:00+04:00 Dubai,24.418983459472656°C,43.33%
469,2023-03-09T12:10:00+04:00 Dubai,24.418983459472656°C,43.33%
470,2023-03-09T12:15:00+04:00 Dubai,24.567575454711914°C,43.33%
471,2023-03-09T12:20:00+04:00 Dubai,24.567575454711914°C,43.33%
472,2023-03-09T12:25:00+04:00 Dubai,24.567575454711914°C,43.33%
473,2023-03-09T12:30:00+04:00 Dubai,24.567575454711914°C,43.33%
474,2023-03-09T12:35:00+04:00 Dubai,24.567575454711914°C,43.33%
475,2023-03-09T12:40:00+04:00 Dubai,24.567575454711914°C,43.33%
476,2023-03-09T12:45:00+04:00 Dubai,24.567575454711914°C,43.33%
477,2023-03-09T12:50:00+04:00 Dubai,24.567575454711914°C,43.33%
478,2023-03-09T12:55:00+04:00 Dubai,24.567575454711914°C,43.33%
479,2023-03-09T13:00:00+04:00 Dubai,24.567575454711914°C,43.33%
480,2023-03-09T13:05:00+04:00 Dubai,24.567575454711914°C,43.33%
481,2023-03-09T13:10:00+04:00 Dubai,24.567575454711914°C,43.33%
482,2023-03-09T13:15:00+04:00 Dubai,24.567575454711914°C,43.33%
483,2023-03-09T13:20:00+04:00 Dubai,24.567575454711914°C,43.33%
484,2023-03-09T13:25:00+04:00 Dubai,24.567575454711914°C,43.33%
485,2023-03-09T13:30:00+04:00 Dubai,24.567575454711914°C,43.33%
486,2023-03-09T13:35:00+04:00 Dubai,24.567575454711914°C,43.33%
487,2023-03-09T13:40:00+04:00 Dubai,24.567575454711914°C,43.33%
488,2023-03-09T13:45:00+04:00 Dubai,24.567575454711914°C,43.33%
489,2023-03-09T13:50:00+04:00 Dubai,24.567575454711914°C,43.33%
490,2023-03-09T13:55:00+04:00 Dubai,24.567575454711914°C,43.33%
491,2023-03-09T14:00:00+04:00 Dubai,24.567575454711914°C,43.33%
492,2023-03-09T14:05:00+04:00 Dubai,24.567575454711914°C,43.33%
493,2023-03-09T14:10:00+04:00 Dubai,24.567575454711914°C,43.33%
494,2023-03-09T14:15:00+04:00 Dubai,24.567575454711914°C,43.33%
495,2023-03-09T14:20:00+04:00 Dubai,24.567575454711914°C,43.33%
496,2023-03-09T14:25:00+04:00 Dubai,24.567575454711914°C,43.33%
497,2023-03-09T14:30:00+04:00 Dubai,24.567575454711914°C,43.33%
498,2023-03-09T14:35:00+04:00 Dubai,24.567575454711914°C,43.33%
499,2023-03-09T14:40:00+04:00 Dubai,24.567575454711914°C,43.33%
500,2023-03-09T14:45:00+04:00 Dubai,24.567575454711914°C,43.33%
501,2023-03-09T14:50:00+04:00 Dubai,24.567575454711914°C,43.33%
502,2023-03-09T14:55:00+04:00 Dubai,24.567575454711914°C,43.33%
503,2023-03-09T15:00:00+04:00 Dubai,24.567575454711914°C,43.33%
504,2023-03-09T15:05:00+04:00 Dubai,24.567575454711914°C,43.33%
505,2023-03-09T15:10:00+04:00 Dubai,24.567575454711914°C,43.33%
506,2023-03-09T15:15:00+04:00 Dubai,24.567575454711914°C,43.33%
507,2023-03-09T15:20:00+04:00 Dubai,24.567575454711914°C,43.33%
508,2023-03-09T15:25:00+04:00 Dubai,24.567575454711914°C,43.33%
509,2023-03-09T15:30:00+04:00 Dubai,24.567575454711914°C,43.33%
510,2023-03-09T15:35:00+04:00 Dubai,24.567575454711914°C,43.33%
511,2023-03-09T15:40:00+04:00 Dubai,24.567575454711914°C,43.33%
512,2023-03-09T15:45:00+04:00 Dubai,24.567575454711914°C,43.33%
513,2023-03-09T15:50:00+04:00 Dubai,24.567575454711914°C,43.33%
514,2023-03-09T15:55:00+04:00 Dubai,24.567575454711914°C,43.33%
515,2023-03-09T16:00:00+04:00 Dubai,24.567575454711914°C,43.33%
516,2023-03-09T16:05:00+04:00 Dubai,24.567575454711914°C,43.33%
517,2023-03-09T16:10:00+04:00 Dubai,24.567575454711914°C,43.33%
518,2023-03-09T16:15:00+04:00 Dubai,24.567575454711914°C,43.33%
519,2023-03-09T16:20:00+04:00 Dubai,24.567575454711914°C,43.33%
520,2023-03-09T16:25:00+04:00 Dubai,24.567575454711914°C,43.33%
521,2023-03-09T16:30:00+04:00 Dubai,24.567575454711914°C,43.33%
522,2023-03-09T16:35:00+04:00 Dubai,24.567575454711914°C,43.33%
523,2023-03-09T16:40:00+04:00 Dubai,24.567575454711914°C,43.33%
524,2023-03-09T16:45:00+04:00 Dubai,24.567575454711914°C,43.33%
525,2023-03-09T16:50:00+04:00 Dubai,24.567575454711914°C,43.33%
526,2023-03-09T16:55:00+04:00 Dubai,24.567575454711914°C,43.33%
527,2023-03-09T17:00:00+04:00 Dubai,24.567575454711914°C,43.33%
528,2023-03-09T17:05:00+04:00 Dubai,24.567575454711914°C,43.33%
529,2023-03-09T17:10:00+04:00 Dubai,24.567575454711914°C,43.33%
530,2023-03-09T17:15:00+04:00 Dubai,24.418554306030273°C,42.28%
531,2023-03-09T17:20:00+04:00 Dubai,24.418554306030273°C,42.28%
532,2023-03-09T17:25:00+04:00 Dubai,24.418554306030273°C,41.17%
533,2023-03-09T17:30:00+04:00 Dubai,24.418554306030273°C,38.93%
534,2023-03-09T17:35:00+04:00 Dubai,24.269695281982422°C,37.73%
535,2023-03-09T17:40:00+04:00 Dubai,24.269695281982422°C,39.07%
536,2023-03-09T17:45:00+04:00 Dubai,24.269695281982422°C,39.07%
537,2023-03-09T17:50:00+04:00 Dubai,24.269695281982422°C,39.07%
538,2023-03-09T17:55:00+04:00 Dubai,24.269695281982422°C,39.07%
539,2023-03-09T18:00:00+04:00 Dubai,24.269695281982422°C,39.07%
540,2023-03-09T18:05:00+04:00 Dubai,24.269695281982422°C,39.07%
541,2023-03-09T18:10:00+04:00 Dubai,24.269695281982422°C,39.07%
542,2023-03-09T18:15:00+04:00 Dubai,24.269695281982422°C,39.07%
543,2023-03-09T18:20:00+04:00 Dubai,24.11994171142578°C,39.07%
544,2023-03-09T18:25:00+04:00 Dubai,24.11994171142578°C,39.07%
545,2023-03-09T18:30:00+04:00 Dubai,24.11994171142578°C,39.07%
546,2023-03-09T18:35:00+04:00 Dubai,24.11994171142578°C,37.96%
547,2023-03-09T18:40:00+04:00 Dubai,24.11994171142578°C,36.89%
548,2023-03-09T18:45:00+04:00 Dubai,24.11994171142578°C,34.83%
549,2023-03-09T18:50:00+04:00 Dubai,24.11994171142578°C,33.74%
550,2023-03-09T18:55:00+04:00 Dubai,24.11994171142578°C,32.58%
551,2023-03-09T19:00:00+04:00 Dubai,24.11994171142578°C,33.91%
552,2023-03-09T19:05:00+04:00 Dubai,24.11994171142578°C,33.91%
553,2023-03-09T19:10:00+04:00 Dubai,24.11994171142578°C,33.91%
554,2023-03-09T19:15:00+04:00 Dubai,24.11994171142578°C,33.91%
555,2023-03-09T19:20:00+04:00 Dubai,24.11994171142578°C,33.91%
556,2023-03-09T19:25:00+04:00 Dubai,24.11994171142578°C,33.91%
557,2023-03-09T19:30:00+04:00 Dubai,24.11994171142578°C,33.91%
558,2023-03-09T19:35:00+04:00 Dubai,24.11994171142578°C,33.91%
559,2023-03-09T19:40:00+04:00 Dubai,24.11994171142578°C,33.91%
560,2023-03-09T19:45:00+04:00 Dubai,24.11994171142578°C,33.91%
561,2023-03-09T19:50:00+04:00 Dubai,24.11994171142578°C,33.91%
562,2023-03-09T19:55:00+04:00 Dubai,24.11994171142578°C,33.91%
563,2023-03-09T20:00:00+04:00 Dubai,24.11994171142578°C,33.91%
564,2023-03-09T20:05:00+04:00 Dubai,24.11994171142578°C,33.91%
565,2023-03-09T20:10:00+04:00 Dubai,24.11994171142578°C,33.91%
566,2023-03-09T20:15:00+04:00 Dubai,24.11994171142578°C,33.91%
567,2023-03-09T20:20:00+04:00 Dubai,24.11994171142578°C,33.91%
568,2023-03-09T20:25:00+04:00 Dubai,24.11994171142578°C,33.91%
569,2023-03-09T20:30:00+04:00 Dubai,24.11994171142578°C,33.91%
570,2023-03-09T20:35:00+04:00 Dubai,24.11994171142578°C,33.91%
571,2023-03-09T20:40:00+04:00 Dubai,24.11994171142578°C,33.91%
572,2023-03-09T20:45:00+04:00 Dubai,24.11994171142578°C,33.91%
573,2023-03-09T20:50:00+04:00 Dubai,24.11994171142578°C,33.91%
574,2023-03-09T20:55:00+04:00 Dubai,24.11994171142578°C,33.91%
575,2023-03-09T21:00:00+04:00 Dubai,24.11994171142578°C,33.91%
576,2023-03-09T21:05:00+04:00 Dubai,24.11994171142578°C,33.91%
577,2023-03-09T21:10:00+04:00 Dubai,24.11994171142578°C,33.91%
578,2023-03-09T21:15:00+04:00 Dubai,24.11994171142578°C,33.91%
579,2023-03-09T21:20:00+04:00 Dubai,24.11994171142578°C,33.91%
580,2023-03-09T21:25:00+04:00 Dubai,24.11994171142578°C,33.91%
581,2023-03-09T21:30:00+04:00 Dubai,24.11994171142578°C,33.91%
582,2023-03-09T21:35:00+04:00 Dubai,24.11994171142578°C,33.91%
583,2023-03-09T21:40:00+04:00 Dubai,24.11994171142578°C,33.91%
584,2023-03-09T21:45:00+04:00 Dubai,24.11994171142578°C,33.91%
585,2023-03-09T21:50:00+04:00 Dubai,24.11994171142578°C,33.91%
586,2023-03-09T21:55:00+04:00 Dubai,24.11994171142578°C,33.91%
587,2023-03-09T22:00:00+04:00 Dubai,24.11994171142578°C,33.91%
588,2023-03-09T22:05:00+04:00 Dubai,24.11994171142578°C,33.91%
589,2023-03-09T22:10:00+04:00 Dubai,24.11994171142578°C,33.91%
590,2023-03-09T22:15:00+04:00 Dubai,24.11994171142578°C,33.91%
591,2023-03-09T22:20:00+04:00 Dubai,24.11994171142578°C,33.91%
592,2023-03-09T22:25:00+04:00 Dubai,24.11994171142578°C,33.91%
593,2023-03-09T22:30:00+04:00 Dubai,24.11994171142578°C,33.91%
594,2023-03-09T22:35:00+04:00 Dubai,24.11994171142578°C,33.91%
595,2023-03-09T22:40:00+04:00 Dubai,24.11994171142578°C,33.91%
596,2023-03-09T22:45:00+04:00 Dubai,24.11994171142578°C,33.91%
597,2023-03-09T22:50:00+04:00 Dubai,24.11994171142578°C,33.91%
598,2023-03-09T22:55:00+04:00 Dubai,24.11994171142578°C,33.91%
599,2023-03-09T23:00:00+04:00 Dubai,24.11994171142578°C,33.91%
600,2023-03-09T23:05:00+04:00 Dubai,24.11994171142578°C,33.91%
601,2023-03-09T23:10:00+04:00 Dubai,24.11994171142578°C,33.91%
602,2023-03-09T23:15:00+04:00 Dubai,24.11994171142578°C,33.91%
603,2023-03-09T23:20:00+04:00 Dubai,24.11994171142578°C,33.91%
604,2023-03-09T23:25:00+04:00 Dubai,24.11994171142578°C,33.91%
605,2023-03-09T23:30:00+04:00 Dubai,24.11994171142578°C,33.91%
606,2023-03-09T23:35:00+04:00 Dubai,24.11994171142578°C,33.91%
607,2023-03-09T23:40:00+04:00 Dubai,24.11994171142578°C,33.91%
608,2023-03-09T23:45:00+04:00 Dubai,24.11994171142578°C,33.91%
609,2023-03-09T23:50:00+04:00 Dubai,24.11994171142578°C,33.91%
610,2023-03-09T23:55:00+04:00 Dubai,24.11994171142578°C,33.91%
611,2023-03-10T00:00:00+04:00 Dubai,24.11994171142578°C,0%
612,2023-03-10T00:05:00+04:00 Dubai,24.11994171142578°C,16.99%
613,2023-03-10T00:10:00+04:00 Dubai,24.11994171142578°C,26.84%
614,2023-03-10T00:15:00+04:00 Dubai,24.270212173461914°C,26.84%
615,2023-03-10T00:20:00+04:00 Dubai,24.270212173461914°C,29.09%
616,2023-03-10T00:25:00+04:00 Dubai,24.270212173461914°C,31.38%
617,2023-03-10T00:30:00+04:00 Dubai,24.270212173461914°C,32.37%
618,2023-03-10T00:35:00+04:00 Dubai,24.270212173461914°C,32.37%
619,2023-03-10T00:40:00+04:00 Dubai,24.270212173461914°C,33.42%
620,2023-03-10T00:45:00+04:00 Dubai,24.270212173461914°C,34.57%
621,2023-03-10T00:50:00+04:00 Dubai,24.270212173461914°C,34.57%
622,2023-03-10T00:55:00+04:00 Dubai,24.270212173461914°C,35.63%
623,2023-03-10T01:00:00+04:00 Dubai,24.270212173461914°C,36.75%
624,2023-03-10T01:05:00+04:00 Dubai,24.270212173461914°C,35.63%
625,2023-03-10T01:10:00+04:00 Dubai,24.270212173461914°C,35.63%
626,2023-03-10T01:15:00+04:00 Dubai,24.270212173461914°C,35.63%
627,2023-03-10T01:20:00+04:00 Dubai,24.270212173461914°C,35.63%
628,2023-03-10T01:25:00+04:00 Dubai,24.270212173461914°C,35.63%
629,2023-03-10T01:30:00+04:00 Dubai,24.270212173461914°C,35.63%
630,2023-03-10T01:35:00+04:00 Dubai,24.270212173461914°C,35.63%
631,2023-03-10T01:40:00+04:00 Dubai,24.270212173461914°C,35.63%
632,2023-03-10T01:45:00+04:00 Dubai,24.270212173461914°C,35.63%
633,2023-03-10T01:50:00+04:00 Dubai,24.270212173461914°C,35.63%
634,2023-03-10T01:55:00+04:00 Dubai,24.270212173461914°C,35.63%
635,2023-03-10T02:00:00+04:00 Dubai,24.270212173461914°C,35.63%
636,2023-03-10T02:05:00+04:00 Dubai,24.270212173461914°C,35.63%
637,2023-03-10T02:10:00+04:00 Dubai,24.270212173461914°C,35.63%
638,2023-03-10T02:15:00+04:00 Dubai,24.270212173461914°C,35.63%
639,2023-03-10T02:20:00+04:00 Dubai,24.270212173461914°C,35.63%
640,2023-03-10T02:25:00+04:00 Dubai,24.270212173461914°C,35.63%
641,2023-03-10T02:30:00+04:00 Dubai,24.270212173461914°C,35.63%
642,2023-03-10T02:35:00+04:00 Dubai,24.270212173461914°C,35.63%
643,2023-03-10T02:40:00+04:00 Dubai,24.270212173461914°C,35.63%
644,2023-03-10T02:45:00+04:00 Dubai,24.270212173461914°C,35.63%
645,2023-03-10T02:50:00+04:00 Dubai,24.270212173461914°C,35.63%
646,2023-03-10T02:55:00+04:00 Dubai,24.121633529663086°C,35.63%
647,2023-03-10T03:00:00+04:00 Dubai,24.121633529663086°C,35.63%
648,2023-03-10T03:05:00+04:00 Dubai,24.121633529663086°C,35.63%
649,2023-03-10T03:10:00+04:00 Dubai,24.121633529663086°C,35.63%
650,2023-03-10T03:15:00+04:00 Dubai,24.121633529663086°C,35.63%
651,2023-03-10T03:20:00+04:00 Dubai,24.121633529663086°C,35.63%
652,2023-03-10T03:25:00+04:00 Dubai,24.121633529663086°C,35.63%
653,2023-03-10T03:30:00+04:00 Dubai,24.121633529663086°C,35.63%
654,2023-03-10T03:35:00+04:00 Dubai,24.121633529663086°C,35.63%
655,2023-03-10T03:40:00+04:00 Dubai,24.121633529663086°C,35.63%
656,2023-03-10T03:45:00+04:00 Dubai,24.121633529663086°C,35.63%
657,2023-03-10T03:50:00+04:00 Dubai,24.121633529663086°C,35.63%
658,2023-03-10T03:55:00+04:00 Dubai,24.121633529663086°C,35.63%
659,2023-03-10T04:00:00+04:00 Dubai,24.121633529663086°C,35.63%
660,2023-03-10T04:05:00+04:00 Dubai,24.121633529663086°C,35.63%
661,2023-03-10T04:10:00+04:00 Dubai,24.121633529663086°C,35.63%
662,2023-03-10T04:15:00+04:00 Dubai,24.121633529663086°C,35.63%
663,2023-03-10T04:20:00+04:00 Dubai,24.121633529663086°C,35.63%
664,2023-03-10T04:25:00+04:00 Dubai,24.121633529663086°C,35.63%
665,2023-03-10T04:30:00+04:00 Dubai,24.121633529663086°C,35.63%
666,2023-03-10T04:35:00+04:00 Dubai,24.121633529663086°C,35.63%
667,2023-03-10T04:40:00+04:00 Dubai,24.121633529663086°C,35.63%
668,2023-03-10T04:45:00+04:00 Dubai,24.121633529663086°C,35.63%
669,2023-03-10T04:50:00+04:00 Dubai,24.121633529663086°C,35.63%
670,2023-03-10T04:55:00+04:00 Dubai,24.121633529663086°C,35.63%
671,2023-03-10T05:00:00+04:00 Dubai,24.121633529663086°C,35.63%
672,2023-03-10T05:05:00+04:00 Dubai,24.121633529663086°C,35.63%
673,2023-03-10T05:10:00+04:00 Dubai,24.121633529663086°C,35.63%
674,2023-03-10T05:15:00+04:00 Dubai,24.121633529663086°C,35.63%
675,2023-03-10T05:20:00+04:00 Dubai,24.121633529663086°C,35.63%
676,2023-03-10T05:25:00+04:00 Dubai,24.270185470581055°C,35.63%
677,2023-03-10T05:30:00+04:00 Dubai,24.270185470581055°C,35.63%
678,2023-03-10T05:35:00+04:00 Dubai,24.270185470581055°C,35.63%
679,2023-03-10T05:40:00+04:00 Dubai,24.270185470581055°C,35.63%
680,2023-03-10T05:45:00+04:00 Dubai,24.270185470581055°C,35.63%
681,2023-03-10T05:50:00+04:00 Dubai,24.270185470581055°C,35.63%
682,2023-03-10T05:55:00+04:00 Dubai,24.270185470581055°C,35.63%
683,2023-03-10T06:00:00+04:00 Dubai,24.270185470581055°C,35.63%
684,2023-03-10T06:05:00+04:00 Dubai,24.270185470581055°C,35.63%
685,2023-03-10T06:10:00+04:00 Dubai,24.270185470581055°C,35.63%
686,2023-03-10T06:15:00+04:00 Dubai,24.270185470581055°C,35.63%
687,2023-03-10T06:20:00+04:00 Dubai,24.270185470581055°C,35.63%
688,2023-03-10T06:25:00+04:00 Dubai,24.270185470581055°C,35.63%
689,2023-03-10T06:30:00+04:00 Dubai,24.270185470581055°C,35.63%
690,2023-03-10T06:35:00+04:00 Dubai,24.270185470581055°C,35.63%
691,2023-03-10T06:40:00+04:00 Dubai,24.270185470581055°C,35.63%
692,2023-03-10T06:45:00+04:00 Dubai,24.270185470581055°C,35.63%
693,2023-03-10T06:50:00+04:00 Dubai,24.270185470581055°C,35.63%
694,2023-03-10T06:55:00+04:00 Dubai,24.270185470581055°C,35.63%
695,2023-03-10T07:00:00+04:00 Dubai,24.270185470581055°C,35.63%
696,2023-03-10T07:05:00+04:00 Dubai,24.270185470581055°C,35.63%
697,2023-03-10T07:10:00+04:00 Dubai,24.270185470581055°C,35.63%
698,2023-03-10T07:15:00+04:00 Dubai,24.270185470581055°C,35.63%
699,2023-03-10T07:20:00+04:00 Dubai,24.270185470581055°C,35.63%
700,2023-03-10T07:25:00+04:00 Dubai,24.270185470581055°C,35.63%
701,2023-03-10T07:30:00+04:00 Dubai,24.270185470581055°C,35.63%
702,2023-03-10T07:35:00+04:00 Dubai,24.270185470581055°C,35.63%
703,2023-03-10T07:40:00+04:00 Dubai,24.270185470581055°C,35.63%
704,2023-03-10T07:45:00+04:00 Dubai,24.270185470581055°C,35.63%
705,2023-03-10T07:50:00+04:00 Dubai,24.270185470581055°C,35.63%
706,2023-03-10T07:55:00+04:00 Dubai,24.270185470581055°C,35.63%
707,2023-03-10T08:00:00+04:00 Dubai,24.270185470581055°C,35.63%
708,2023-03-10T08:05:00+04:00 Dubai,24.270185470581055°C,35.63%
709,2023-03-10T08:10:00+04:00 Dubai,24.270185470581055°C,35.63%
710,2023-03-10T08:15:00+04:00 Dubai,24.270185470581055°C,35.63%
711,2023-03-10T08:20:00+04:00 Dubai,24.270185470581055°C,35.63%
712,2023-03-10T08:25:00+04:00 Dubai,24.270185470581055°C,35.63%
713,2023-03-10T08:30:00+04:00 Dubai,24.270185470581055°C,35.63%
714,2023-03-10T08:35:00+04:00 Dubai,24.270185470581055°C,35.63%
715,2023-03-10T08:40:00+04:00 Dubai,24.270185470581055°C,35.63%
716,2023-03-10T08:45:00+04:00 Dubai,24.270185470581055°C,35.63%
717,2023-03-10T08:50:00+04:00 Dubai,24.270185470581055°C,38.83%
718,2023-03-10T08:55:00+04:00 Dubai,24.270185470581055°C,41.27%
719,2023-03-10T09:00:00+04:00 Dubai,24.270185470581055°C,39.90%
720,2023-03-10T09:05:00+04:00 Dubai,24.270185470581055°C,39.90%
721,2023-03-10T09:10:00+04:00 Dubai,24.270185470581055°C,39.90%
722,2023-03-10T09:15:00+04:00 Dubai,24.270185470581055°C,39.90%
723,2023-03-10T09:20:00+04:00 Dubai,24.270185470581055°C,39.90%
724,2023-03-10T09:25:00+04:00 Dubai,24.270185470581055°C,39.90%
725,2023-03-10T09:30:00+04:00 Dubai,24.270185470581055°C,39.90%
726,2023-03-10T09:35:00+04:00 Dubai,24.270185470581055°C,38.86%
727,2023-03-10T09:40:00+04:00 Dubai,24.270185470581055°C,38.86%
728,2023-03-10T09:45:00+04:00 Dubai,24.270185470581055°C,38.86%
729,2023-03-10T09:50:00+04:00 Dubai,24.270185470581055°C,38.86%
730,2023-03-10T09:55:00+04:00 Dubai,24.270185470581055°C,38.86%
731,2023-03-10T10:00:00+04:00 Dubai,24.270185470581055°C,38.86%
732,2023-03-10T10:05:00+04:00 Dubai,24.270185470581055°C,38.86%
733,2023-03-10T10:10:00+04:00 Dubai,24.270185470581055°C,38.86%
734,2023-03-10T10:15:00+04:00 Dubai,24.270185470581055°C,38.86%
735,2023-03-10T10:20:00+04:00 Dubai,24.270185470581055°C,38.86%
736,2023-03-10T10:25:00+04:00 Dubai,24.270185470581055°C,38.86%
737,2023-03-10T10:30:00+04:00 Dubai,24.4195613861084°C,38.86%
738,2023-03-10T10:35:00+04:00 Dubai,24.4195613861084°C,38.86%
739,2023-03-10T10:40:00+04:00 Dubai,24.4195613861084°C,38.86%
740,2023-03-10T10:45:00+04:00 Dubai,24.4195613861084°C,38.86%
741,2023-03-10T10:50:00+04:00 Dubai,24.4195613861084°C,38.86%
742,2023-03-10T10:55:00+04:00 Dubai,24.4195613861084°C,38.86%
743,2023-03-10T11:00:00+04:00 Dubai,24.4195613861084°C,38.86%
744,2023-03-10T11:05:00+04:00 Dubai,24.4195613861084°C,38.86%
745,2023-03-10T11:10:00+04:00 Dubai,24.4195613861084°C,38.86%
746,2023-03-10T11:15:00+04:00 Dubai,24.4195613861084°C,38.86%
747,2023-03-10T11:20:00+04:00 Dubai,24.4195613861084°C,38.86%
748,2023-03-10T11:25:00+04:00 Dubai,24.4195613861084°C,38.86%
749,2023-03-10T11:30:00+04:00 Dubai,24.4195613861084°C,38.86%
750,2023-03-10T11:35:00+04:00 Dubai,24.4195613861084°C,38.86%
751,2023-03-10T11:40:00+04:00 Dubai,24.4195613861084°C,38.86%
752,2023-03-10T11:45:00+04:00 Dubai,24.4195613861084°C,38.86%
753,2023-03-10T11:50:00+04:00 Dubai,24.4195613861084°C,38.86%
754,2023-03-10T11:55:00+04:00 Dubai,24.4195613861084°C,38.86%
755,2023-03-10T12:00:00+04:00 Dubai,24.4195613861084°C,38.86%
756,2023-03-10T12:05:00+04:00 Dubai,24.4195613861084°C,38.86%
757,2023-03-10T12:10:00+04:00 Dubai,24.4195613861084°C,38.86%
758,2023-03-10T12:15:00+04:00 Dubai,24.4195613861084°C,38.86%
759,2023-03-10T12:20:00+04:00 Dubai,24.4195613861084°C,38.86%
760,2023-03-10T12:25:00+04:00 Dubai,24.4195613861084°C,38.86%
761,2023-03-10T12:30:00+04:00 Dubai,24.4195613861084°C,38.86%
762,2023-03-10T12:35:00+04:00 Dubai,24.4195613861084°C,38.86%
763,2023-03-10T12:40:00+04:00 Dubai,24.4195613861084°C,38.86%
764,2023-03-10T12:45:00+04:00 Dubai,24.4195613861084°C,38.86%
765,2023-03-10T12:50:00+04:00 Dubai,24.4195613861084°C,38.86%
766,2023-03-10T12:55:00+04:00 Dubai,24.4195613861084°C,38.86%
767,2023-03-10T13:00:00+04:00 Dubai,24.4195613861084°C,38.86%
768,2023-03-10T13:05:00+04:00 Dubai,24.4195613861084°C,38.86%
769,2023-03-10T13:10:00+04:00 Dubai,24.4195613861084°C,38.86%
770,2023-03-10T13:15:00+04:00 Dubai,24.4195613861084°C,38.86%
771,2023-03-10T13:20:00+04:00 Dubai,24.4195613861084°C,38.86%
772,2023-03-10T13:25:00+04:00 Dubai,24.4195613861084°C,38.86%
773,2023-03-10T13:30:00+04:00 Dubai,24.4195613861084°C,38.86%
774,2023-03-10T13:35:00+04:00 Dubai,24.4195613861084°C,38.86%
775,2023-03-10T13:40:00+04:00 Dubai,24.4195613861084°C,38.86%
776,2023-03-10T13:45:00+04:00 Dubai,24.4195613861084°C,38.86%
777,2023-03-10T13:50:00+04:00 Dubai,24.4195613861084°C,38.86%
778,2023-03-10T13:55:00+04:00 Dubai,24.4195613861084°C,38.86%
779,2023-03-10T14:00:00+04:00 Dubai,24.4195613861084°C,38.86%
780,2023-03-10T14:05:00+04:00 Dubai,24.4195613861084°C,38.86%
781,2023-03-10T14:10:00+04:00 Dubai,24.4195613861084°C,38.86%
782,2023-03-10T14:15:00+04:00 Dubai,24.4195613861084°C,38.86%
783,2023-03-10T14:20:00+04:00 Dubai,24.4195613861084°C,38.86%
784,2023-03-10T14:25:00+04:00 Dubai,24.56854248046875°C,38.86%
785,2023-03-10T14:30:00+04:00 Dubai,24.56854248046875°C,38.86%
786,2023-03-10T14:35:00+04:00 Dubai,24.56854248046875°C,38.86%
787,2023-03-10T14:40:00+04:00 Dubai,24.56854248046875°C,38.86%
788,2023-03-10T14:45:00+04:00 Dubai,24.56854248046875°C,38.86%
789,2023-03-10T14:50:00+04:00 Dubai,24.56854248046875°C,38.86%
790,2023-03-10T14:55:00+04:00 Dubai,24.56854248046875°C,38.86%
791,2023-03-10T15:00:00+04:00 Dubai,24.56854248046875°C,38.86%
792,2023-03-10T15:05:00+04:00 Dubai,24.56854248046875°C,38.86%
793,2023-03-10T15:10:00+04:00 Dubai,24.56854248046875°C,38.86%
794,2023-03-10T15:15:00+04:00 Dubai,24.56854248046875°C,38.86%
795,2023-03-10T15:20:00+04:00 Dubai,24.56854248046875°C,38.86%
796,2023-03-10T15:25:00+04:00 Dubai,24.56854248046875°C,38.86%
797,2023-03-10T15:30:00+04:00 Dubai,24.56854248046875°C,38.86%
798,2023-03-10T15:35:00+04:00 Dubai,24.56854248046875°C,38.86%
799,2023-03-10T15:40:00+04:00 Dubai,24.56854248046875°C,38.86%
800,2023-03-10T15:45:00+04:00 Dubai,24.56854248046875°C,38.86%
801,2023-03-10T15:50:00+04:00 Dubai,24.56854248046875°C,38.86%
802,2023-03-10T15:55:00+04:00 Dubai,24.56854248046875°C,38.86%
803,2023-03-10T16:00:00+04:00 Dubai,24.56854248046875°C,38.86%
804,2023-03-10T16:05:00+04:00 Dubai,24.418838500976562°C,38.86%
805,2023-03-10T16:10:00+04:00 Dubai,24.418838500976562°C,38.86%
806,2023-03-10T16:15:00+04:00 Dubai,24.418838500976562°C,38.86%
807,2023-03-10T16:20:00+04:00 Dubai,24.418838500976562°C,38.86%
808,2023-03-10T16:25:00+04:00 Dubai,24.418838500976562°C,38.86%
809,2023-03-10T16:30:00+04:00 Dubai,24.418838500976562°C,38.86%
810,2023-03-10T16:35:00+04:00 Dubai,24.418838500976562°C,38.86%
811,2023-03-10T16:40:00+04:00 Dubai,24.418838500976562°C,38.86%
812,2023-03-10T16:45:00+04:00 Dubai,24.418838500976562°C,38.86%
813,2023-03-10T16:50:00+04:00 Dubai,24.418838500976562°C,38.86%
814,2023-03-10T16:55:00+04:00 Dubai,24.418838500976562°C,38.86%
815,2023-03-10T17:00:00+04:00 Dubai,24.418838500976562°C,38.86%
816,2023-03-10T17:05:00+04:00 Dubai,24.418838500976562°C,37.81%
817,2023-03-10T17:10:00+04:00 Dubai,24.418838500976562°C,35.52%
818,2023-03-10T17:15:00+04:00 Dubai,24.418838500976562°C,32.86%
819,2023-03-10T17:20:00+04:00 Dubai,24.418838500976562°C,35.14%
820,2023-03-10T17:25:00+04:00 Dubai,24.418838500976562°C,35.14%
821,2023-03-10T17:30:00+04:00 Dubai,24.418838500976562°C,35.14%
822,2023-03-10T17:35:00+04:00 Dubai,24.418838500976562°C,35.14%
823,2023-03-10T17:40:00+04:00 Dubai,24.418838500976562°C,35.14%
824,2023-03-10T17:45:00+04:00 Dubai,24.418838500976562°C,35.14%
825,2023-03-10T17:50:00+04:00 Dubai,24.418838500976562°C,35.14%
826,2023-03-10T17:55:00+04:00 Dubai,24.418838500976562°C,35.14%
827,2023-03-10T18:00:00+04:00 Dubai,24.418838500976562°C,35.14%
828,2023-03-10T18:05:00+04:00 Dubai,24.418838500976562°C,35.14%
829,2023-03-10T18:10:00+04:00 Dubai,24.418838500976562°C,35.14%
830,2023-03-10T18:15:00+04:00 Dubai,24.418838500976562°C,35.14%
831,2023-03-10T18:20:00+04:00 Dubai,24.418838500976562°C,35.14%
832,2023-03-10T18:25:00+04:00 Dubai,24.418838500976562°C,35.14%
833,2023-03-10T18:30:00+04:00 Dubai,24.418838500976562°C,35.14%
834,2023-03-10T18:35:00+04:00 Dubai,24.270183563232422°C,35.14%
835,2023-03-10T18:40:00+04:00 Dubai,24.270183563232422°C,35.14%
836,2023-03-10T18:45:00+04:00 Dubai,24.270183563232422°C,35.14%
837,2023-03-10T18:50:00+04:00 Dubai,24.270183563232422°C,35.14%
838,2023-03-10T18:55:00+04:00 Dubai,24.270183563232422°C,35.14%
839,2023-03-10T19:00:00+04:00 Dubai,24.270183563232422°C,35.14%
840,2023-03-10T19:05:00+04:00 Dubai,24.270183563232422°C,35.14%
841,2023-03-10T19:10:00+04:00 Dubai,24.270183563232422°C,35.14%
842,2023-03-10T19:15:00+04:00 Dubai,24.270183563232422°C,35.14%
843,2023-03-10T19:20:00+04:00 Dubai,24.270183563232422°C,35.14%
844,2023-03-10T19:25:00+04:00 Dubai,24.270183563232422°C,35.14%
845,2023-03-10T19:30:00+04:00 Dubai,24.270183563232422°C,35.14%
846,2023-03-10T19:35:00+04:00 Dubai,24.270183563232422°C,35.14%
847,2023-03-10T19:40:00+04:00 Dubai,24.270183563232422°C,35.14%
848,2023-03-10T19:45:00+04:00 Dubai,24.270183563232422°C,35.14%
849,2023-03-10T19:50:00+04:00 Dubai,24.270183563232422°C,35.14%
850,2023-03-10T19:55:00+04:00 Dubai,24.270183563232422°C,35.14%
851,2023-03-10T20:00:00+04:00 Dubai,24.270183563232422°C,35.14%
852,2023-03-10T20:05:00+04:00 Dubai,24.270183563232422°C,35.14%
853,2023-03-10T20:10:00+04:00 Dubai,24.270183563232422°C,35.14%
854,2023-03-10T20:15:00+04:00 Dubai,24.270183563232422°C,35.14%
855,2023-03-10T20:20:00+04:00 Dubai,24.270183563232422°C,35.14%
856,2023-03-10T20:25:00+04:00 Dubai,24.270183563232422°C,35.14%
857,2023-03-10T20:30:00+04:00 Dubai,24.270183563232422°C,35.14%
858,2023-03-10T20:35:00+04:00 Dubai,24.270183563232422°C,35.14%
859,2023-03-10T20:40:00+04:00 Dubai,24.270183563232422°C,35.14%
860,2023-03-10T20:45:00+04:00 Dubai,24.270183563232422°C,35.14%
861,2023-03-10T20:50:00+04:00 Dubai,24.270183563232422°C,35.14%
862,2023-03-10T20:55:00+04:00 Dubai,24.270183563232422°C,35.14%
863,2023-03-10T21:00:00+04:00 Dubai,24.270183563232422°C,35.14%
864,2023-03-10T21:05:00+04:00 Dubai,24.270183563232422°C,35.14%
865,2023-03-10T21:10:00+04:00 Dubai,24.270183563232422°C,35.14%
866,2023-03-10T21:15:00+04:00 Dubai,24.270183563232422°C,35.14%
867,2023-03-10T21:20:00+04:00 Dubai,24.270183563232422°C,35.14%
868,2023-03-10T21:25:00+04:00 Dubai,24.270183563232422°C,35.14%
869,2023-03-10T21:30:00+04:00 Dubai,24.270183563232422°C,35.14%
870,2023-03-10T21:35:00+04:00 Dubai,24.270183563232422°C,35.14%
871,2023-03-10T21:40:00+04:00 Dubai,24.270183563232422°C,35.14%
872,2023-03-10T21:45:00+04:00 Dubai,24.270183563232422°C,35.14%
873,2023-03-10T21:50:00+04:00 Dubai,24.270183563232422°C,35.14%
874,2023-03-10T21:55:00+04:00 Dubai,24.270183563232422°C,35.14%
875,2023-03-10T22:00:00+04:00 Dubai,24.270183563232422°C,35.14%
876,2023-03-10T22:05:00+04:00 Dubai,24.270183563232422°C,35.14%
877,2023-03-10T22:10:00+04:00 Dubai,24.270183563232422°C,35.14%
878,2023-03-10T22:15:00+04:00 Dubai,24.270183563232422°C,35.14%
879,2023-03-10T22:20:00+04:00 Dubai,24.270183563232422°C,35.14%
880,2023-03-10T22:25:00+04:00 Dubai,24.270183563232422°C,35.14%
881,2023-03-10T22:30:00+04:00 Dubai,24.270183563232422°C,35.14%
882,2023-03-10T22:35:00+04:00 Dubai,24.270183563232422°C,35.14%
883,2023-03-10T22:40:00+04:00 Dubai,24.270183563232422°C,35.14%
884,2023-03-10T22:45:00+04:00 Dubai,24.270183563232422°C,35.14%
885,2023-03-10T22:50:00+04:00 Dubai,24.270183563232422°C,35.14%
886,2023-03-10T22:55:00+04:00 Dubai,24.270183563232422°C,35.14%
887,2023-03-10T23:00:00+04:00 Dubai,24.270183563232422°C,35.14%
888,2023-03-10T23:05:00+04:00 Dubai,24.121265411376953°C,35.14%
889,2023-03-10T23:10:00+04:00 Dubai,24.121265411376953°C,35.14%
890,2023-03-10T23:15:00+04:00 Dubai,24.121265411376953°C,35.14%
891,2023-03-10T23:20:00+04:00 Dubai,24.121265411376953°C,35.14%
892,2023-03-10T23:25:00+04:00 Dubai,24.121265411376953°C,35.14%
893,2023-03-10T23:30:00+04:00 Dubai,24.121265411376953°C,35.14%
894,2023-03-10T23:35:00+04:00 Dubai,24.121265411376953°C,35.14%
895,2023-03-10T23:40:00+04:00 Dubai,24.121265411376953°C,35.14%
896,2023-03-10T23:45:00+04:00 Dubai,24.121265411376953°C,35.14%
897,2023-03-10T23:50:00+04:00 Dubai,23.971940994262695°C,35.14%
898,2023-03-10T23:55:00+04:00 Dubai,23.971940994262695°C,35.14%
899,2023-03-11T00:00:00+04:00 Dubai,23.971940994262695°C,0.99%
900,2023-03-11T00:05:00+04:00 Dubai,23.971940994262695°C,18.79%
901,2023-03-11T00:10:00+04:00 Dubai,23.971940994262695°C,28.37%
902,2023-03-11T00:15:00+04:00 Dubai,24.120765686035156°C,28.37%
903,2023-03-11T00:20:00+04:00 Dubai,24.120765686035156°C,28.37%
904,2023-03-11T00:25:00+04:00 Dubai,24.120765686035156°C,28.37%
905,2023-03-11T00:30:00+04:00 Dubai,24.120765686035156°C,29.38%
906,2023-03-11T00:35:00+04:00 Dubai,24.120765686035156°C,29.38%
907,2023-03-11T00:40:00+04:00 Dubai,24.120765686035156°C,29.38%
908,2023-03-11T00:45:00+04:00 Dubai,24.120765686035156°C,29.38%
909,2023-03-11T00:50:00+04:00 Dubai,24.120765686035156°C,29.38%
910,2023-03-11T00:55:00+04:00 Dubai,24.120765686035156°C,30.46%
911,2023-03-11T01:00:00+04:00 Dubai,24.120765686035156°C,30.46%
912,2023-03-11T01:05:00+04:00 Dubai,24.120765686035156°C,30.46%
913,2023-03-11T01:10:00+04:00 Dubai,24.120765686035156°C,30.46%
914,2023-03-11T01:15:00+04:00 Dubai,24.120765686035156°C,30.46%
915,2023-03-11T01:20:00+04:00 Dubai,24.120765686035156°C,30.46%
916,2023-03-11T01:25:00+04:00 Dubai,24.120765686035156°C,30.46%
917,2023-03-11T01:30:00+04:00 Dubai,24.120765686035156°C,30.46%
918,2023-03-11T01:35:00+04:00 Dubai,24.269920349121094°C,30.46%
919,2023-03-11T01:40:00+04:00 Dubai,24.269920349121094°C,30.46%
920,2023-03-11T01:45:00+04:00 Dubai,24.269920349121094°C,30.46%
921,2023-03-11T01:50:00+04:00 Dubai,24.269920349121094°C,30.46%
922,2023-03-11T01:55:00+04:00 Dubai,24.269920349121094°C,30.46%
923,2023-03-11T02:00:00+04:00 Dubai,24.269920349121094°C,30.46%
924,2023-03-11T02:05:00+04:00 Dubai,24.269920349121094°C,30.46%
925,2023-03-11T02:10:00+04:00 Dubai,24.269920349121094°C,30.46%
926,2023-03-11T02:15:00+04:00 Dubai,24.269920349121094°C,30.46%
927,2023-03-11T02:20:00+04:00 Dubai,24.269920349121094°C,30.46%
928,2023-03-11T02:25:00+04:00 Dubai,24.269920349121094°C,30.46%
929,2023-03-11T02:30:00+04:00 Dubai,24.269920349121094°C,30.46%
930,2023-03-11T02:35:00+04:00 Dubai,24.269920349121094°C,30.46%
931,2023-03-11T02:40:00+04:00 Dubai,24.269920349121094°C,30.46%
932,2023-03-11T02:45:00+04:00 Dubai,24.269920349121094°C,30.46%
933,2023-03-11T02:50:00+04:00 Dubai,24.269920349121094°C,30.46%
934,2023-03-11T02:55:00+04:00 Dubai,24.269920349121094°C,30.46%
935,2023-03-11T03:00:00+04:00 Dubai,24.269920349121094°C,30.46%
936,2023-03-11T03:05:00+04:00 Dubai,24.269920349121094°C,30.46%
937,2023-03-11T03:10:00+04:00 Dubai,24.269920349121094°C,30.46%
938,2023-03-11T03:15:00+04:00 Dubai,24.269920349121094°C,30.46%
939,2023-03-11T03:20:00+04:00 Dubai,24.269920349121094°C,30.46%
940,2023-03-11T03:25:00+04:00 Dubai,24.269920349121094°C,30.46%
941,2023-03-11T03:30:00+04:00 Dubai,24.269920349121094°C,30.46%
942,2023-03-11T03:35:00+04:00 Dubai,24.269920349121094°C,30.46%
943,2023-03-11T03:40:00+04:00 Dubai,24.269920349121094°C,30.46%
944,2023-03-11T03:45:00+04:00 Dubai,24.269920349121094°C,30.46%
945,2023-03-11T03:50:00+04:00 Dubai,24.269920349121094°C,30.46%
946,2023-03-11T03:55:00+04:00 Dubai,24.269920349121094°C,30.46%
947,2023-03-11T04:00:00+04:00 Dubai,24.269920349121094°C,30.46%
948,2023-03-11T04:05:00+04:00 Dubai,24.269920349121094°C,30.46%
949,2023-03-11T04:10:00+04:00 Dubai,24.269920349121094°C,30.46%
950,2023-03-11T04:15:00+04:00 Dubai,24.269920349121094°C,30.46%
951,2023-03-11T04:20:00+04:00 Dubai,24.269920349121094°C,30.46%
952,2023-03-11T04:25:00+04:00 Dubai,24.269920349121094°C,30.46%
953,2023-03-11T04:30:00+04:00 Dubai,24.269920349121094°C,30.46%
954,2023-03-11T04:35:00+04:00 Dubai,24.269920349121094°C,30.46%
955,2023-03-11T04:40:00+04:00 Dubai,24.269920349121094°C,30.46%
956,2023-03-11T04:45:00+04:00 Dubai,24.269920349121094°C,30.46%
957,2023-03-11T04:50:00+04:00 Dubai,24.269920349121094°C,30.46%
958,2023-03-11T04:55:00+04:00 Dubai,24.269920349121094°C,30.46%
959,2023-03-11T05:00:00+04:00 Dubai,24.269920349121094°C,30.46%
960,2023-03-11T05:05:00+04:00 Dubai,24.269920349121094°C,30.46%
961,2023-03-11T05:10:00+04:00 Dubai,24.269920349121094°C,30.46%
962,2023-03-11T05:15:00+04:00 Dubai,24.269920349121094°C,30.46%
963,2023-03-11T05:20:00+04:00 Dubai,24.269920349121094°C,30.46%
964,2023-03-11T05:25:00+04:00 Dubai,24.269920349121094°C,30.46%
965,2023-03-11T05:30:00+04:00 Dubai,24.269920349121094°C,30.46%
966,2023-03-11T05:35:00+04:00 Dubai,24.269920349121094°C,30.46%
967,2023-03-11T05:40:00+04:00 Dubai,24.269920349121094°C,30.46%
968,2023-03-11T05:45:00+04:00 Dubai,24.269920349121094°C,30.46%
969,2023-03-11T05:50:00+04:00 Dubai,24.269920349121094°C,30.46%
970,2023-03-11T05:55:00+04:00 Dubai,24.269920349121094°C,30.46%
971,2023-03-11T06:00:00+04:00 Dubai,24.269920349121094°C,30.46%
972,2023-03-11T06:05:00+04:00 Dubai,24.269920349121094°C,30.46%
973,2023-03-11T06:10:00+04:00 Dubai,24.269920349121094°C,30.46%
974,2023-03-11T06:15:00+04:00 Dubai,24.120990753173828°C,30.46%
975,2023-03-11T06:20:00+04:00 Dubai,24.120990753173828°C,30.46%
976,2023-03-11T06:25:00+04:00 Dubai,24.120990753173828°C,30.46%
977,2023-03-11T06:30:00+04:00 Dubai,24.120990753173828°C,30.46%
978,2023-03-11T06:35:00+04:00 Dubai,24.120990753173828°C,30.46%
979,2023-03-11T06:40:00+04:00 Dubai,24.120990753173828°C,30.46%
980,2023-03-11T06:45:00+04:00 Dubai,23.971641540527344°C,30.46%
981,2023-03-11T06:50:00+04:00 Dubai,23.971641540527344°C,30.46%
982,2023-03-11T06:55:00+04:00 Dubai,23.971641540527344°C,30.46%
983,2023-03-11T07:00:00+04:00 Dubai,23.971641540527344°C,30.46%
984,2023-03-11T07:05:00+04:00 Dubai,23.971641540527344°C,30.46%
985,2023-03-11T07:10:00+04:00 Dubai,23.971641540527344°C,30.46%
986,2023-03-11T07:15:00+04:00 Dubai,23.971641540527344°C,30.46%
987,2023-03-11T07:20:00+04:00 Dubai,23.971641540527344°C,30.46%
988,2023-03-11T07:25:00+04:00 Dubai,23.971641540527344°C,30.46%
989,2023-03-11T07:30:00+04:00 Dubai,23.971641540527344°C,30.46%
990,2023-03-11T07:35:00+04:00 Dubai,23.971641540527344°C,30.46%
991,2023-03-11T07:40:00+04:00 Dubai,23.971641540527344°C,30.46%
992,2023-03-11T07:45:00+04:00 Dubai,23.971641540527344°C,30.46%
993,2023-03-11T07:50:00+04:00 Dubai,23.971641540527344°C,30.46%
994,2023-03-11T07:55:00+04:00 Dubai,23.971641540527344°C,30.46%
995,2023-03-11T08:00:00+04:00 Dubai,23.971641540527344°C,30.46%
996,2023-03-11T08:05:00+04:00 Dubai,23.971641540527344°C,30.46%
997,2023-03-11T08:10:00+04:00 Dubai,23.971641540527344°C,31.45%
998,2023-03-11T08:15:00+04:00 Dubai,23.971641540527344°C,32.46%
999,2023-03-11T08:20:00+04:00 Dubai,23.971641540527344°C,33.47%
1000,2023-03-11T08:25:00+04:00 Dubai,23.971641540527344°C,33.47%
1001,2023-03-11T08:30:00+04:00 Dubai,24.120243072509766°C,34.52%
1002,2023-03-11T08:35:00+04:00 Dubai,24.120243072509766°C,35.82%
1003,2023-03-11T08:40:00+04:00 Dubai,24.120243072509766°C,38.25%
1004,2023-03-11T08:45:00+04:00 Dubai,24.120243072509766°C,36.19%
1005,2023-03-11T08:50:00+04:00 Dubai,24.268781661987305°C,36.19%
1006,2023-03-11T08:55:00+04:00 Dubai,24.268781661987305°C,36.19%
1007,2023-03-11T09:00:00+04:00 Dubai,24.268781661987305°C,36.19%
1008,2023-03-11T09:05:00+04:00 Dubai,24.268781661987305°C,36.19%
1009,2023-03-11T09:10:00+04:00 Dubai,24.268781661987305°C,36.19%
1010,2023-03-11T09:15:00+04:00 Dubai,24.268781661987305°C,36.19%
1011,2023-03-11T09:20:00+04:00 Dubai,24.268781661987305°C,38.55%
1012,2023-03-11T09:25:00+04:00 Dubai,24.268781661987305°C,39.87%
1013,2023-03-11T09:30:00+04:00 Dubai,24.268781661987305°C,42.52%
1014,2023-03-11T09:35:00+04:00 Dubai,24.268781661987305°C,40.80%
1015,2023-03-11T09:40:00+04:00 Dubai,24.268781661987305°C,40.80%
1016,2023-03-11T09:45:00+04:00 Dubai,24.268781661987305°C,40.80%
1017,2023-03-11T09:50:00+04:00 Dubai,24.417911529541016°C,40.80%
1018,2023-03-11T09:55:00+04:00 Dubai,24.417911529541016°C,40.80%
1019,2023-03-11T10:00:00+04:00 Dubai,24.417911529541016°C,40.80%
1020,2023-03-11T10:05:00+04:00 Dubai,24.417911529541016°C,40.80%
1021,2023-03-11T10:10:00+04:00 Dubai,24.417911529541016°C,40.80%
1022,2023-03-11T10:15:00+04:00 Dubai,24.417911529541016°C,40.80%
1023,2023-03-11T10:20:00+04:00 Dubai,24.417911529541016°C,40.80%
1024,2023-03-11T10:25:00+04:00 Dubai,24.417911529541016°C,40.80%
1025,2023-03-11T10:30:00+04:00 Dubai,24.417911529541016°C,42.00%
1026,2023-03-11T10:35:00+04:00 Dubai,24.417911529541016°C,43.10%
1027,2023-03-11T10:40:00+04:00 Dubai,24.417911529541016°C,45.86%
1028,2023-03-11T10:45:00+04:00 Dubai,24.417911529541016°C,46.89%
1029,2023-03-11T10:50:00+04:00 Dubai,24.417911529541016°C,45.57%
1030,2023-03-11T10:55:00+04:00 Dubai,24.417911529541016°C,45.57%
1031,2023-03-11T11:00:00+04:00 Dubai,24.417911529541016°C,45.57%
1032,2023-03-11T11:05:00+04:00 Dubai,24.417911529541016°C,45.57%
1033,2023-03-11T11:10:00+04:00 Dubai,24.417911529541016°C,45.57%
1034,2023-03-11T11:15:00+04:00 Dubai,24.417911529541016°C,45.57%
1035,2023-03-11T11:20:00+04:00 Dubai,24.417911529541016°C,45.57%
1036,2023-03-11T11:25:00+04:00 Dubai,24.417911529541016°C,45.57%
1037,2023-03-11T11:30:00+04:00 Dubai,24.417911529541016°C,45.57%
1038,2023-03-11T11:35:00+04:00 Dubai,24.417911529541016°C,45.57%
1039,2023-03-11T11:40:00+04:00 Dubai,24.417911529541016°C,45.57%
1040,2023-03-11T11:45:00+04:00 Dubai,24.417911529541016°C,45.57%
1041,2023-03-11T11:50:00+04:00 Dubai,24.417911529541016°C,45.57%
1042,2023-03-11T11:55:00+04:00 Dubai,24.417911529541016°C,45.57%
1043,2023-03-11T12:00:00+04:00 Dubai,24.417911529541016°C,45.57%
1044,2023-03-11T12:05:00+04:00 Dubai,24.417911529541016°C,45.57%
1045,2023-03-11T12:10:00+04:00 Dubai,24.417911529541016°C,45.57%
1046,2023-03-11T12:15:00+04:00 Dubai,24.417911529541016°C,45.57%
1047,2023-03-11T12:20:00+04:00 Dubai,24.417911529541016°C,45.57%
1048,2023-03-11T12:25:00+04:00 Dubai,24.417911529541016°C,45.57%
1049,2023-03-11T12:30:00+04:00 Dubai,24.417911529541016°C,44.51%
1050,2023-03-11T12:35:00+04:00 Dubai,24.417911529541016°C,43.50%
1051,2023-03-11T12:40:00+04:00 Dubai,24.417911529541016°C,43.50%
1052,2023-03-11T12:45:00+04:00 Dubai,24.417911529541016°C,43.50%
1053,2023-03-11T12:50:00+04:00 Dubai,24.417911529541016°C,43.50%
1054,2023-03-11T12:55:00+04:00 Dubai,24.417911529541016°C,43.50%
1055,2023-03-11T13:00:00+04:00 Dubai,24.417911529541016°C,43.50%
1056,2023-03-11T13:05:00+04:00 Dubai,24.417911529541016°C,42.48%
1057,2023-03-11T13:10:00+04:00 Dubai,24.417911529541016°C,42.48%
1058,2023-03-11T13:15:00+04:00 Dubai,24.417911529541016°C,42.48%
1059,2023-03-11T13:20:00+04:00 Dubai,24.417911529541016°C,42.48%
1060,2023-03-11T13:25:00+04:00 Dubai,24.417911529541016°C,42.48%
1061,2023-03-11T13:30:00+04:00 Dubai,24.417911529541016°C,42.48%
1062,2023-03-11T13:35:00+04:00 Dubai,24.417911529541016°C,42.48%
1063,2023-03-11T13:40:00+04:00 Dubai,24.417911529541016°C,42.48%
1064,2023-03-11T13:45:00+04:00 Dubai,24.417911529541016°C,42.48%
1065,2023-03-11T13:50:00+04:00 Dubai,24.417911529541016°C,42.48%
1066,2023-03-11T13:55:00+04:00 Dubai,24.417911529541016°C,42.48%
1067,2023-03-11T14:00:00+04:00 Dubai,24.417911529541016°C,42.48%
1068,2023-03-11T14:05:00+04:00 Dubai,24.417911529541016°C,42.48%
1069,2023-03-11T14:10:00+04:00 Dubai,24.417911529541016°C,42.48%
1070,2023-03-11T14:15:00+04:00 Dubai,24.417911529541016°C,42.48%
1071,2023-03-11T14:20:00+04:00 Dubai,24.417911529541016°C,42.48%
1072,2023-03-11T14:25:00+04:00 Dubai,24.417911529541016°C,42.48%
1073,2023-03-11T14:30:00+04:00 Dubai,24.417911529541016°C,42.48%
1074,2023-03-11T14:35:00+04:00 Dubai,24.417911529541016°C,42.48%
1075,2023-03-11T14:40:00+04:00 Dubai,24.417911529541016°C,42.48%
1076,2023-03-11T14:45:00+04:00 Dubai,24.417911529541016°C,42.48%
1077,2023-03-11T14:50:00+04:00 Dubai,24.417911529541016°C,42.48%
1078,2023-03-11T14:55:00+04:00 Dubai,24.417911529541016°C,42.48%
1079,2023-03-11T15:00:00+04:00 Dubai,24.417911529541016°C,42.48%
1080,2023-03-11T15:05:00+04:00 Dubai,24.417911529541016°C,42.48%
1081,2023-03-11T15:10:00+04:00 Dubai,24.417911529541016°C,42.48%
1082,2023-03-11T15:15:00+04:00 Dubai,24.417911529541016°C,42.48%
1083,2023-03-11T15:20:00+04:00 Dubai,24.417911529541016°C,41.32%
1084,2023-03-11T15:25:00+04:00 Dubai,24.417911529541016°C,40.16%
1085,2023-03-11T15:30:00+04:00 Dubai,24.417911529541016°C,40.44%
1086,2023-03-11T15:35:00+04:00 Dubai,24.417911529541016°C,40.44%
1087,2023-03-11T15:40:00+04:00 Dubai,24.417911529541016°C,40.44%
1088,2023-03-11T15:45:00+04:00 Dubai,24.417911529541016°C,40.44%
1089,2023-03-11T15:50:00+04:00 Dubai,24.417911529541016°C,40.44%
1090,2023-03-11T15:55:00+04:00 Dubai,24.417911529541016°C,40.44%
1091,2023-03-11T16:00:00+04:00 Dubai,24.417911529541016°C,40.44%
1092,2023-03-11T16:05:00+04:00 Dubai,24.417911529541016°C,40.44%
1093,2023-03-11T16:10:00+04:00 Dubai,24.417911529541016°C,40.44%
1094,2023-03-11T16:15:00+04:00 Dubai,24.417911529541016°C,40.44%
1095,2023-03-11T16:20:00+04:00 Dubai,24.417911529541016°C,40.44%
1096,2023-03-11T16:25:00+04:00 Dubai,24.417911529541016°C,40.44%
1097,2023-03-11T16:30:00+04:00 Dubai,24.417911529541016°C,40.44%
1098,2023-03-11T16:35:00+04:00 Dubai,24.417911529541016°C,40.44%
1099,2023-03-11T16:40:00+04:00 Dubai,24.417911529541016°C,40.44%
1100,2023-03-11T16:45:00+04:00 Dubai,24.417911529541016°C,40.44%
1101,2023-03-11T16:50:00+04:00 Dubai,24.417911529541016°C,40.44%
1102,2023-03-11T16:55:00+04:00 Dubai,24.417911529541016°C,40.44%
1103,2023-03-11T17:00:00+04:00 Dubai,24.417911529541016°C,40.44%
1104,2023-03-11T17:05:00+04:00 Dubai,24.417911529541016°C,40.44%
1105,2023-03-11T17:10:00+04:00 Dubai,24.417911529541016°C,40.44%
1106,2023-03-11T17:15:00+04:00 Dubai,24.417911529541016°C,40.44%
1107,2023-03-11T17:20:00+04:00 Dubai,24.417911529541016°C,40.44%
1108,2023-03-11T17:25:00+04:00 Dubai,24.417911529541016°C,40.44%
1109,2023-03-11T17:30:00+04:00 Dubai,24.417911529541016°C,40.44%
1110,2023-03-11T17:35:00+04:00 Dubai,24.417911529541016°C,40.44%
1111,2023-03-11T17:40:00+04:00 Dubai,24.26862144470215°C,39.39%
1112,2023-03-11T17:45:00+04:00 Dubai,24.26862144470215°C,37.27%
1113,2023-03-11T17:50:00+04:00 Dubai,24.26862144470215°C,35.18%
1114,2023-03-11T17:55:00+04:00 Dubai,24.26862144470215°C,36.20%
1115,2023-03-11T18:00:00+04:00 Dubai,24.12008285522461°C,36.20%
1116,2023-03-11T18:05:00+04:00 Dubai,24.12008285522461°C,36.20%
1117,2023-03-11T18:10:00+04:00 Dubai,24.12008285522461°C,36.20%
1118,2023-03-11T18:15:00+04:00 Dubai,24.12008285522461°C,36.20%
1119,2023-03-11T18:20:00+04:00 Dubai,24.12008285522461°C,36.20%
1120,2023-03-11T18:25:00+04:00 Dubai,24.12008285522461°C,36.20%
1121,2023-03-11T18:30:00+04:00 Dubai,24.12008285522461°C,36.20%
1122,2023-03-11T18:35:00+04:00 Dubai,24.12008285522461°C,36.20%
1123,2023-03-11T18:40:00+04:00 Dubai,24.12008285522461°C,36.20%
1124,2023-03-11T18:45:00+04:00 Dubai,24.12008285522461°C,36.20%
1125,2023-03-11T18:50:00+04:00 Dubai,23.970556259155273°C,36.20%
1126,2023-03-11T18:55:00+04:00 Dubai,23.970556259155273°C,36.20%
1127,2023-03-11T19:00:00+04:00 Dubai,23.970556259155273°C,36.20%
1128,2023-03-11T19:05:00+04:00 Dubai,23.970556259155273°C,36.20%
1129,2023-03-11T19:10:00+04:00 Dubai,23.970556259155273°C,36.20%
1130,2023-03-11T19:15:00+04:00 Dubai,23.970556259155273°C,36.20%
1131,2023-03-11T19:20:00+04:00 Dubai,23.970556259155273°C,36.20%
1132,2023-03-11T19:25:00+04:00 Dubai,23.970556259155273°C,36.20%
1133,2023-03-11T19:30:00+04:00 Dubai,23.970556259155273°C,36.20%
1134,2023-03-11T19:35:00+04:00 Dubai,23.970556259155273°C,36.20%
1135,2023-03-11T19:40:00+04:00 Dubai,23.970556259155273°C,36.20%
1136,2023-03-11T19:45:00+04:00 Dubai,23.970556259155273°C,36.20%
1137,2023-03-11T19:50:00+04:00 Dubai,23.970556259155273°C,36.20%
1138,2023-03-11T19:55:00+04:00 Dubai,23.970556259155273°C,36.20%
1139,2023-03-11T20:00:00+04:00 Dubai,23.970556259155273°C,36.20%
1140,2023-03-11T20:05:00+04:00 Dubai,23.970556259155273°C,36.20%
1141,2023-03-11T20:10:00+04:00 Dubai,23.970556259155273°C,36.20%
1142,2023-03-11T20:15:00+04:00 Dubai,23.970556259155273°C,36.20%
1143,2023-03-11T20:20:00+04:00 Dubai,23.970556259155273°C,36.20%
1144,2023-03-11T20:25:00+04:00 Dubai,23.970556259155273°C,36.20%
1145,2023-03-11T20:30:00+04:00 Dubai,23.970556259155273°C,36.20%
1146,2023-03-11T20:35:00+04:00 Dubai,23.970556259155273°C,36.20%
1147,2023-03-11T20:40:00+04:00 Dubai,23.970556259155273°C,36.20%
1148,2023-03-11T20:45:00+04:00 Dubai,23.970556259155273°C,36.20%
1149,2023-03-11T20:50:00+04:00 Dubai,23.970556259155273°C,36.20%
1150,2023-03-11T20:55:00+04:00 Dubai,23.970556259155273°C,36.20%
1151,2023-03-11T21:00:00+04:00 Dubai,23.970556259155273°C,36.20%
1152,2023-03-11T21:05:00+04:00 Dubai,23.970556259155273°C,36.20%
1153,2023-03-11T21:10:00+04:00 Dubai,23.970556259155273°C,36.20%
1154,2023-03-11T21:15:00+04:00 Dubai,23.970556259155273°C,36.20%
1155,2023-03-11T21:20:00+04:00 Dubai,23.970556259155273°C,36.20%
1156,2023-03-11T21:25:00+04:00 Dubai,23.970556259155273°C,36.20%
1157,2023-03-11T21:30:00+04:00 Dubai,23.970556259155273°C,36.20%
1158,2023-03-11T21:35:00+04:00 Dubai,23.970556259155273°C,36.20%
1159,2023-03-11T21:40:00+04:00 Dubai,23.970556259155273°C,36.20%
1160,2023-03-11T21:45:00+04:00 Dubai,23.970556259155273°C,36.20%
1161,2023-03-11T21:50:00+04:00 Dubai,23.970556259155273°C,36.20%
1162,2023-03-11T21:55:00+04:00 Dubai,23.970556259155273°C,36.20%
1163,2023-03-11T22:00:00+04:00 Dubai,23.970556259155273°C,36.20%
1164,2023-03-11T22:05:00+04:00 Dubai,23.970556259155273°C,36.20%
1165,2023-03-11T22:10:00+04:00 Dubai,23.970556259155273°C,36.20%
1166,2023-03-11T22:15:00+04:00 Dubai,23.970556259155273°C,36.20%
1167,2023-03-11T22:20:00+04:00 Dubai,23.970556259155273°C,36.20%
1168,2023-03-11T22:25:00+04:00 Dubai,23.970556259155273°C,36.20%
1169,2023-03-11T22:30:00+04:00 Dubai,23.970556259155273°C,36.20%
1170,2023-03-11T22:35:00+04:00 Dubai,23.970556259155273°C,36.20%
1171,2023-03-11T22:40:00+04:00 Dubai,23.970556259155273°C,35.07%
1172,2023-03-11T22:45:00+04:00 Dubai,23.970556259155273°C,35.07%
1173,2023-03-11T22:50:00+04:00 Dubai,23.970556259155273°C,35.07%
1174,2023-03-11T22:55:00+04:00 Dubai,23.970556259155273°C,35.07%
1175,2023-03-11T23:00:00+04:00 Dubai,23.970556259155273°C,35.07%
1176,2023-03-11T23:05:00+04:00 Dubai,23.970556259155273°C,35.07%
1177,2023-03-11T23:10:00+04:00 Dubai,23.970556259155273°C,33.91%
1178,2023-03-11T23:15:00+04:00 Dubai,23.970556259155273°C,33.91%
1179,2023-03-11T23:20:00+04:00 Dubai,23.970556259155273°C,32.87%
1180,2023-03-11T23:25:00+04:00 Dubai,23.970556259155273°C,32.87%
1181,2023-03-11T23:30:00+04:00 Dubai,23.970556259155273°C,32.87%
1182,2023-03-11T23:35:00+04:00 Dubai,23.970556259155273°C,31.80%
1183,2023-03-11T23:40:00+04:00 Dubai,23.970556259155273°C,31.80%
1184,2023-03-11T23:45:00+04:00 Dubai,23.970556259155273°C,31.80%
1185,2023-03-11T23:50:00+04:00 Dubai,23.970556259155273°C,30.77%
1186,2023-03-11T23:55:00+04:00 Dubai,23.970556259155273°C,30.77%
1187,2023-03-12T00:00:00+04:00 Dubai,23.970556259155273°C,0%
1188,2023-03-12T00:05:00+04:00 Dubai,23.970556259155273°C,7.24%
1189,2023-03-12T00:10:00+04:00 Dubai,23.970556259155273°C,22.10%
1190,2023-03-12T00:15:00+04:00 Dubai,23.970556259155273°C,23.52%
1191,2023-03-12T00:20:00+04:00 Dubai,23.970556259155273°C,26.42%
1192,2023-03-12T00:25:00+04:00 Dubai,23.970556259155273°C,29.63%
1193,2023-03-12T00:30:00+04:00 Dubai,24.119338989257812°C,30.90%
1194,2023-03-12T00:35:00+04:00 Dubai,24.119338989257812°C,31.96%
1195,2023-03-12T00:40:00+04:00 Dubai,24.119338989257812°C,31.96%
1196,2023-03-12T00:45:00+04:00 Dubai,24.119338989257812°C,33.18%
1197,2023-03-12T00:50:00+04:00 Dubai,24.119338989257812°C,35.32%
1198,2023-03-12T00:55:00+04:00 Dubai,24.119338989257812°C,33.51%
1199,2023-03-12T01:00:00+04:00 Dubai,24.119338989257812°C,33.51%
