ds,y,ds,y
07/03/2023 21:05,23.52228165,07/03/2023 21:05,23.54879361
07/03/2023 21:10,23.52228165,07/03/2023 21:10,23.54577447
07/03/2023 21:15,23.52228165,07/03/2023 21:15,23.54307369
07/03/2023 21:20,23.52228165,07/03/2023 21:20,23.5406615
07/03/2023 21:25,23.52228165,07/03/2023 21:25,23.53850773
07/03/2023 21:30,23.52228165,07/03/2023 21:30,23.53658196
07/03/2023 21:35,23.52228165,07/03/2023 21:35,23.53485379
07/03/2023 21:40,23.52228165,07/03/2023 21:40,23.53329299
07/03/2023 21:45,23.52228165,07/03/2023 21:45,23.53186979
07/03/2023 21:50,23.52228165,07/03/2023 21:50,23.53055499
07/03/2023 21:55,23.52228165,07/03/2023 21:55,23.52932023
07/03/2023 22:00,23.52228165,07/03/2023 22:00,23.5281381
07/03/2023 22:05,23.52228165,07/03/2023 22:05,23.52698236
07/03/2023 22:10,23.52228165,07/03/2023 22:10,23.52582808
07/03/2023 22:15,23.52228165,07/03/2023 22:15,23.52465175
07/03/2023 22:20,23.52228165,07/03/2023 22:20,23.52343145
07/03/2023 22:25,23.52228165,07/03/2023 22:25,23.52214694
07/03/2023 22:30,23.52228165,07/03/2023 22:30,23.52077975
07/03/2023 22:35,23.52228165,07/03/2023 22:35,23.51931327
07/03/2023 22:40,23.52228165,07/03/2023 22:40,23.51773278
07/03/2023 22:45,23.52228165,07/03/2023 22:45,23.51602552
07/03/2023 22:50,23.52228165,07/03/2023 22:50,23.51418071
07/03/2023 22:55,23.52228165,07/03/2023 22:55,23.51218954
07/03/2023 23:00,23.52228165,07/03/2023 23:00,23.51004517
07/03/2023 23:05,23.52228165,07/03/2023 23:05,23.50774268
07/03/2023 23:10,23.52228165,07/03/2023 23:10,23.50527906
07/03/2023 23:15,23.52228165,07/03/2023 23:15,23.5026531
07/03/2023 23:20,23.52228165,07/03/2023 23:20,23.49986535
07/03/2023 23:25,23.52228165,07/03/2023 23:25,23.49691799
07/03/2023 23:30,23.52228165,07/03/2023 23:30,23.49381478
07/03/2023 23:35,23.52228165,07/03/2023 23:35,23.49056085
07/03/2023 23:40,23.52228165,07/03/2023 23:40,23.48716265
07/03/2023 23:45,23.52228165,07/03/2023 23:45,23.48362777
07/03/2023 23:50,23.52228165,07/03/2023 23:50,23.47996478
07/03/2023 23:55,23.52228165,07/03/2023 23:55,23.47618308
08/03/2023 0:00,23.52228165,08/03/2023 0:00,23.47229277
08/03/2023 0:05,23.52228165,08/03/2023 0:05,23.4683044
08/03/2023 0:10,23.52228165,08/03/2023 0:10,23.46422888
08/03/2023 0:15,23.52228165,08/03/2023 0:15,23.46007725
08/03/2023 0:20,23.52228165,08/03/2023 0:20,23.45586053
08/03/2023 0:25,23.52228165,08/03/2023 0:25,23.45158954
08/03/2023 0:30,23.37351608,08/03/2023 0:30,23.44727476
08/03/2023 0:35,23.37351608,08/03/2023 0:35,23.44292609
08/03/2023 0:40,23.37351608,08/03/2023 0:40,23.43855279
08/03/2023 0:45,23.37351608,08/03/2023 0:45,23.43416326
08/03/2023 0:50,23.37351608,08/03/2023 0:50,23.42976493
08/03/2023 0:55,23.37351608,08/03/2023 0:55,23.42536413
08/03/2023 1:00,23.37351608,08/03/2023 1:00,23.42096595
08/03/2023 1:05,23.37351608,08/03/2023 1:05,23.41657418
08/03/2023 1:10,23.37351608,08/03/2023 1:10,23.41219118
08/03/2023 1:15,23.37351608,08/03/2023 1:15,23.4078178
08/03/2023 1:20,23.37351608,08/03/2023 1:20,23.40345337
08/03/2023 1:25,23.37351608,08/03/2023 1:25,23.3990956
08/03/2023 1:30,23.37351608,08/03/2023 1:30,23.39474059
08/03/2023 1:35,23.37351608,08/03/2023 1:35,23.3903828
08/03/2023 1:40,23.37351608,08/03/2023 1:40,23.38601506
08/03/2023 1:45,23.37351608,08/03/2023 1:45,23.38162862
08/03/2023 1:50,23.37351608,08/03/2023 1:50,23.37721316
08/03/2023 1:55,23.37351608,08/03/2023 1:55,23.37275686
08/03/2023 2:00,23.37351608,08/03/2023 2:00,23.36824649
08/03/2023 2:05,23.37351608,08/03/2023 2:05,23.36366748
08/03/2023 2:10,23.37351608,08/03/2023 2:10,23.35900404
08/03/2023 2:15,23.37351608,08/03/2023 2:15,23.35423929
08/03/2023 2:20,23.37351608,08/03/2023 2:20,23.34935538
08/03/2023 2:25,23.37351608,08/03/2023 2:25,23.34433365
08/03/2023 2:30,23.37351608,08/03/2023 2:30,23.3391548
08/03/2023 2:35,23.37351608,08/03/2023 2:35,23.33379902
08/03/2023 2:40,23.37351608,08/03/2023 2:40,23.32824624
08/03/2023 2:45,23.37351608,08/03/2023 2:45,23.32247624
08/03/2023 2:50,23.37351608,08/03/2023 2:50,23.3164689
08/03/2023 2:55,23.37351608,08/03/2023 2:55,23.31020438
08/03/2023 3:00,23.37351608,08/03/2023 3:00,23.30366331
08/03/2023 3:05,23.37351608,08/03/2023 3:05,23.296827
08/03/2023 3:10,23.37351608,08/03/2023 3:10,23.28967766
08/03/2023 3:15,23.37351608,08/03/2023 3:15,23.28219857
08/03/2023 3:20,23.37351608,08/03/2023 3:20,23.27437428
08/03/2023 3:25,23.37351608,08/03/2023 3:25,23.26619082
08/03/2023 3:30,23.22439575,08/03/2023 3:30,23.25763586
08/03/2023 3:35,23.22439575,08/03/2023 3:35,23.26365832
08/03/2023 3:40,23.22439575,08/03/2023 3:40,23.26929025
08/03/2023 3:45,23.22439575,08/03/2023 3:45,23.27452528
08/03/2023 3:50,23.22439575,08/03/2023 3:50,23.27935929
08/03/2023 3:55,23.22439575,08/03/2023 3:55,23.28379056
08/03/2023 4:00,23.22439575,08/03/2023 4:00,23.28781989
08/03/2023 4:05,23.22439575,08/03/2023 4:05,23.29145066
08/03/2023 4:10,23.22439575,08/03/2023 4:10,23.29468892
08/03/2023 4:15,23.22439575,08/03/2023 4:15,23.29754343
08/03/2023 4:20,23.22439575,08/03/2023 4:20,23.30002571
08/03/2023 4:25,23.22439575,08/03/2023 4:25,23.30215006
08/03/2023 4:30,23.22439575,08/03/2023 4:30,23.30393352
08/03/2023 4:35,23.22439575,08/03/2023 4:35,23.30539588
08/03/2023 4:40,23.22439575,08/03/2023 4:40,23.30655961
08/03/2023 4:45,23.22439575,08/03/2023 4:45,23.30744981
08/03/2023 4:50,23.22439575,08/03/2023 4:50,23.3080941
08/03/2023 4:55,23.22439575,08/03/2023 4:55,23.30852253
08/03/2023 5:00,23.22439575,08/03/2023 5:00,23.30876744
08/03/2023 5:05,23.22439575,08/03/2023 5:05,23.30886331
08/03/2023 5:10,23.22439575,08/03/2023 5:10,23.30884663
08/03/2023 5:15,23.22439575,08/03/2023 5:15,23.30875567
08/03/2023 5:20,23.22439575,08/03/2023 5:20,23.3086303
08/03/2023 5:25,23.22439575,08/03/2023 5:25,23.30851179
08/03/2023 5:30,23.22439575,08/03/2023 5:30,23.30844259
08/03/2023 5:35,23.37310028,08/03/2023 5:35,23.30846606
08/03/2023 5:40,23.37310028,08/03/2023 5:40,23.30862626
08/03/2023 5:45,23.37310028,08/03/2023 5:45,23.30896765
08/03/2023 5:50,23.37310028,08/03/2023 5:50,23.30953488
08/03/2023 5:55,23.523386,08/03/2023 5:55,23.31037249
08/03/2023 6:00,23.523386,08/03/2023 6:00,23.31152463
08/03/2023 6:05,23.523386,08/03/2023 6:05,23.31303484
08/03/2023 6:10,23.523386,08/03/2023 6:10,23.31494572
08/03/2023 6:15,23.523386,08/03/2023 6:15,23.31729867
08/03/2023 6:20,23.523386,08/03/2023 6:20,23.32013368
08/03/2023 6:25,23.523386,08/03/2023 6:25,23.32348899
08/03/2023 6:30,23.37484741,08/03/2023 6:30,23.32740093
08/03/2023 6:35,23.37484741,08/03/2023 6:35,23.33190359
08/03/2023 6:40,23.37484741,08/03/2023 6:40,23.33702868
08/03/2023 6:45,23.37484741,08/03/2023 6:45,23.34615612
08/03/2023 6:50,23.37484741,08/03/2023 6:50,23.35596126
08/03/2023 6:55,23.37484741,08/03/2023 6:55,23.36646731
08/03/2023 7:00,23.37484741,08/03/2023 7:00,23.3776943
08/03/2023 7:05,23.37484741,08/03/2023 7:05,23.38965892
08/03/2023 7:10,23.37484741,08/03/2023 7:10,23.40237444
08/03/2023 7:15,23.37484741,08/03/2023 7:15,23.41585056
08/03/2023 7:20,23.37484741,08/03/2023 7:20,23.43009335
08/03/2023 7:25,23.37484741,08/03/2023 7:25,23.44510519
08/03/2023 7:30,23.37484741,08/03/2023 7:30,23.46088474
08/03/2023 7:35,23.37484741,08/03/2023 7:35,23.47742692
08/03/2023 7:40,23.37484741,08/03/2023 7:40,23.49472294
08/03/2023 7:45,23.37484741,08/03/2023 7:45,23.51276032
08/03/2023 7:50,23.37484741,08/03/2023 7:50,23.53152294
08/03/2023 7:55,23.37484741,08/03/2023 7:55,23.55099116
08/03/2023 8:00,23.37484741,08/03/2023 8:00,23.57114191
08/03/2023 8:05,23.52519798,08/03/2023 8:05,23.59194881
08/03/2023 8:10,23.52519798,08/03/2023 8:10,23.61338231
08/03/2023 8:15,23.52519798,08/03/2023 8:15,23.63540992
08/03/2023 8:20,23.52519798,08/03/2023 8:20,23.65799634
08/03/2023 8:25,23.67486,08/03/2023 8:25,23.68110368
08/03/2023 8:30,23.67486,08/03/2023 8:30,23.70469171
08/03/2023 8:35,23.67486,08/03/2023 8:35,23.72871809
08/03/2023 8:40,23.67486,08/03/2023 8:40,23.75313861
08/03/2023 8:45,23.67486,08/03/2023 8:45,23.77790747
08/03/2023 8:50,23.82395935,08/03/2023 8:50,23.80297756
08/03/2023 8:55,23.82395935,08/03/2023 8:55,23.82830073
08/03/2023 9:00,23.82395935,08/03/2023 9:00,23.85382809
08/03/2023 9:05,23.82395935,08/03/2023 9:05,23.87951032
08/03/2023 9:10,23.82395935,08/03/2023 9:10,23.90529793
08/03/2023 9:15,23.97289658,08/03/2023 9:15,23.93114157
08/03/2023 9:20,23.97289658,08/03/2023 9:20,23.95699235
08/03/2023 9:25,23.97289658,08/03/2023 9:25,23.98280211
08/03/2023 9:30,24.12167549,08/03/2023 9:30,24.00852371
08/03/2023 9:35,24.12167549,08/03/2023 9:35,24.03411128
08/03/2023 9:40,24.12167549,08/03/2023 9:40,24.05952053
08/03/2023 9:45,24.12167549,08/03/2023 9:45,24.08470899
08/03/2023 9:50,24.12167549,08/03/2023 9:50,24.10963624
08/03/2023 9:55,24.12167549,08/03/2023 9:55,24.12190852
08/03/2023 10:00,24.12167549,08/03/2023 10:00,24.13384581
08/03/2023 10:05,24.12167549,08/03/2023 10:05,24.14541515
08/03/2023 10:10,24.12167549,08/03/2023 10:10,24.15658644
08/03/2023 10:15,24.12167549,08/03/2023 10:15,24.16733258
08/03/2023 10:20,24.27035141,08/03/2023 10:20,24.17762964
08/03/2023 10:25,24.27035141,08/03/2023 10:25,24.18745689
08/03/2023 10:30,24.27035141,08/03/2023 10:30,24.19679696
08/03/2023 10:35,24.27035141,08/03/2023 10:35,24.20563585
08/03/2023 10:40,24.27035141,08/03/2023 10:40,24.21396302
08/03/2023 10:45,24.27035141,08/03/2023 10:45,24.22177134
08/03/2023 10:50,24.27035141,08/03/2023 10:50,24.22905711
08/03/2023 10:55,24.27035141,08/03/2023 10:55,24.23582003
08/03/2023 11:00,24.42003822,08/03/2023 11:00,24.24206312
08/03/2023 11:05,24.42003822,08/03/2023 11:05,24.24779267
08/03/2023 11:10,24.42003822,08/03/2023 11:10,24.25301808
08/03/2023 11:15,24.42003822,08/03/2023 11:15,24.2577518
08/03/2023 11:20,24.42003822,08/03/2023 11:20,24.26200911
08/03/2023 11:25,24.42003822,08/03/2023 11:25,24.26580803
08/03/2023 11:30,24.42003822,08/03/2023 11:30,24.26916906
08/03/2023 11:35,24.42003822,08/03/2023 11:35,24.27211502
08/03/2023 11:40,24.42003822,08/03/2023 11:40,24.27467084
08/03/2023 11:45,24.42003822,08/03/2023 11:45,24.2768633
08/03/2023 11:50,24.27145195,08/03/2023 11:50,24.27872079
08/03/2023 11:55,24.27145195,08/03/2023 11:55,24.28027308
08/03/2023 12:00,24.27145195,08/03/2023 12:00,24.28155104
08/03/2023 12:05,24.27145195,08/03/2023 12:05,24.28258637
08/03/2023 12:10,24.27145195,08/03/2023 12:10,24.28341134
08/03/2023 12:15,24.27145195,08/03/2023 12:15,24.28405851
08/03/2023 12:20,24.27145195,08/03/2023 12:20,24.28456046
08/03/2023 12:25,24.12251282,08/03/2023 12:25,24.28494949
08/03/2023 12:30,24.12251282,08/03/2023 12:30,24.2852574
08/03/2023 12:35,24.12251282,08/03/2023 12:35,24.2855152
08/03/2023 12:40,24.12251282,08/03/2023 12:40,24.28575285
08/03/2023 12:45,24.12251282,08/03/2023 12:45,24.28599901
08/03/2023 12:50,24.12251282,08/03/2023 12:50,24.28628085
08/03/2023 12:55,24.12251282,08/03/2023 12:55,24.28662376
08/03/2023 13:00,24.27130127,08/03/2023 13:00,24.28705123
08/03/2023 13:05,24.27130127,08/03/2023 13:05,24.28758456
08/03/2023 13:10,24.27130127,08/03/2023 13:10,24.29181032
08/03/2023 13:15,24.27130127,08/03/2023 13:15,24.29617752
08/03/2023 13:20,24.27130127,08/03/2023 13:20,24.30070014
08/03/2023 13:25,24.27130127,08/03/2023 13:25,24.30538943
08/03/2023 13:30,24.27130127,08/03/2023 13:30,24.31025384
08/03/2023 13:35,24.27130127,08/03/2023 13:35,24.31529899
08/03/2023 13:40,24.27130127,08/03/2023 13:40,24.32052757
08/03/2023 13:45,24.27130127,08/03/2023 13:45,24.32593935
08/03/2023 13:50,24.27130127,08/03/2023 13:50,24.33153116
08/03/2023 13:55,24.27130127,08/03/2023 13:55,24.33729693
08/03/2023 14:00,24.27130127,08/03/2023 14:00,24.34322776
08/03/2023 14:05,24.42118073,08/03/2023 14:05,24.34931195
08/03/2023 14:10,24.42118073,08/03/2023 14:10,24.35553509
08/03/2023 14:15,24.42118073,08/03/2023 14:15,24.36188023
08/03/2023 14:20,24.42118073,08/03/2023 14:20,24.36832795
08/03/2023 14:25,24.42118073,08/03/2023 14:25,24.37485654
08/03/2023 14:30,24.42118073,08/03/2023 14:30,24.38144219
08/03/2023 14:35,24.42118073,08/03/2023 14:35,24.38805914
08/03/2023 14:40,24.42118073,08/03/2023 14:40,24.39467992
08/03/2023 14:45,24.42118073,08/03/2023 14:45,24.40127554
08/03/2023 14:50,24.42118073,08/03/2023 14:50,24.40781575
08/03/2023 14:55,24.42118073,08/03/2023 14:55,24.41426923
08/03/2023 15:00,24.42118073,08/03/2023 15:00,24.4206039
08/03/2023 15:05,24.42118073,08/03/2023 15:05,24.42678713
08/03/2023 15:10,24.42118073,08/03/2023 15:10,24.43278604
08/03/2023 15:15,24.42118073,08/03/2023 15:15,24.43856772
08/03/2023 15:20,24.42118073,08/03/2023 15:20,24.44409952
08/03/2023 15:25,24.42118073,08/03/2023 15:25,24.44934933
08/03/2023 15:30,24.42118073,08/03/2023 15:30,24.45428578
08/03/2023 15:35,24.42118073,08/03/2023 15:35,24.45887859
08/03/2023 15:40,24.42118073,08/03/2023 15:40,24.46309872
08/03/2023 15:45,24.42118073,08/03/2023 15:45,24.46691868
08/03/2023 15:50,24.42118073,08/03/2023 15:50,24.47031273
08/03/2023 15:55,24.42118073,08/03/2023 15:55,24.4732571
08/03/2023 16:00,24.42118073,08/03/2023 16:00,24.47573022
08/03/2023 16:05,24.42118073,08/03/2023 16:05,24.47771284
08/03/2023 16:10,24.42118073,08/03/2023 16:10,24.4791883
08/03/2023 16:15,24.42118073,08/03/2023 16:15,24.48014259
08/03/2023 16:20,24.42118073,08/03/2023 16:20,24.4689104
08/03/2023 16:25,24.42118073,08/03/2023 16:25,24.45713766
08/03/2023 16:30,24.42118073,08/03/2023 16:30,24.44481918
08/03/2023 16:35,24.42118073,08/03/2023 16:35,24.43195288
08/03/2023 16:40,24.42118073,08/03/2023 16:40,24.41853985
08/03/2023 16:45,24.42118073,08/03/2023 16:45,24.40458436
08/03/2023 16:50,24.42118073,08/03/2023 16:50,24.39009386
08/03/2023 16:55,24.42118073,08/03/2023 16:55,24.37507899
08/03/2023 17:00,24.42118073,08/03/2023 17:00,24.35955353
08/03/2023 17:05,24.42118073,08/03/2023 17:05,24.34353432
08/03/2023 17:10,24.42118073,08/03/2023 17:10,24.32704121
08/03/2023 17:15,24.42118073,08/03/2023 17:15,24.31009692
08/03/2023 17:20,24.42118073,08/03/2023 17:20,24.29272693
08/03/2023 17:25,24.42118073,08/03/2023 17:25,24.27495936
08/03/2023 17:30,24.42118073,08/03/2023 17:30,24.25682476
08/03/2023 17:35,24.42118073,08/03/2023 17:35,24.23835596
08/03/2023 17:40,24.42118073,08/03/2023 17:40,24.21958789
08/03/2023 17:45,24.27264214,08/03/2023 17:45,24.20055734
08/03/2023 17:50,24.27264214,08/03/2023 17:50,24.18130274
08/03/2023 17:55,24.27264214,08/03/2023 17:55,24.16186395
08/03/2023 18:00,24.27264214,08/03/2023 18:00,24.14228199
08/03/2023 18:05,24.12392807,08/03/2023 18:05,24.12259881
08/03/2023 18:10,24.12392807,08/03/2023 18:10,24.10285703
08/03/2023 18:15,24.12392807,08/03/2023 18:15,24.08309968
08/03/2023 18:20,23.97364998,08/03/2023 18:20,24.06336992
08/03/2023 18:25,23.97364998,08/03/2023 18:25,24.04371081
08/03/2023 18:30,23.97364998,08/03/2023 18:30,24.02416501
08/03/2023 18:35,23.97364998,08/03/2023 18:35,24.00477455
08/03/2023 18:40,23.97364998,08/03/2023 18:40,23.9855806
08/03/2023 18:45,23.97364998,08/03/2023 18:45,23.96662315
08/03/2023 18:50,23.97364998,08/03/2023 18:50,23.94794086
08/03/2023 18:55,23.97364998,08/03/2023 18:55,23.92957078
08/03/2023 19:00,23.97364998,08/03/2023 19:00,23.91154815
08/03/2023 19:05,23.97364998,08/03/2023 19:05,23.89390622
08/03/2023 19:10,23.82451439,08/03/2023 19:10,23.87667602
08/03/2023 19:15,23.82451439,08/03/2023 19:15,23.85988624
08/03/2023 19:20,23.82451439,08/03/2023 19:20,23.84356305
08/03/2023 19:25,23.82451439,08/03/2023 19:25,23.82772999
08/03/2023 19:30,23.82451439,08/03/2023 19:30,23.8124078
08/03/2023 19:35,23.82451439,08/03/2023 19:35,23.80242055
08/03/2023 19:40,23.82451439,08/03/2023 19:40,23.79297706
08/03/2023 19:45,23.82451439,08/03/2023 19:45,23.78408935
08/03/2023 19:50,23.67513466,08/03/2023 19:50,23.7757664
08/03/2023 19:55,23.67513466,08/03/2023 19:55,23.76801415
08/03/2023 20:00,23.67513466,08/03/2023 20:00,23.76083554
08/03/2023 20:05,23.67513466,08/03/2023 20:05,23.75423051
08/03/2023 20:10,23.67513466,08/03/2023 20:10,23.74819607
08/03/2023 20:15,23.67513466,08/03/2023 20:15,23.74272634
08/03/2023 20:20,23.67513466,08/03/2023 20:20,23.73781267
08/03/2023 20:25,23.67513466,08/03/2023 20:25,23.73344375
08/03/2023 20:30,23.67513466,08/03/2023 20:30,23.72960568
08/03/2023 20:35,23.67513466,08/03/2023 20:35,23.72628217
08/03/2023 20:40,23.67513466,08/03/2023 20:40,23.72345468
08/03/2023 20:45,23.67513466,08/03/2023 20:45,23.72110255
08/03/2023 20:50,23.67513466,08/03/2023 20:50,23.71920323
08/03/2023 20:55,23.67513466,08/03/2023 20:55,23.71773245
08/03/2023 21:00,23.67513466,08/03/2023 21:00,23.71666442
08/03/2023 21:05,23.67513466,08/03/2023 21:05,23.71597203
08/03/2023 21:10,23.67513466,08/03/2023 21:10,23.71562707
08/03/2023 21:15,23.67513466,08/03/2023 21:15,23.71560047
08/03/2023 21:20,23.67513466,08/03/2023 21:20,23.71586247
08/03/2023 21:25,23.67513466,08/03/2023 21:25,23.71638288
08/03/2023 21:30,23.67513466,08/03/2023 21:30,23.71713129
08/03/2023 21:35,23.67513466,08/03/2023 21:35,23.7180773
08/03/2023 21:40,23.67513466,08/03/2023 21:40,23.71919069
08/03/2023 21:45,23.67513466,08/03/2023 21:45,23.72044166
08/03/2023 21:50,23.67513466,08/03/2023 21:50,23.72180105
08/03/2023 21:55,23.67513466,08/03/2023 21:55,23.72324046
08/03/2023 22:00,23.67513466,08/03/2023 22:00,23.72473252
08/03/2023 22:05,23.67513466,08/03/2023 22:05,23.72625096
08/03/2023 22:10,23.67513466,08/03/2023 22:10,23.72777086
08/03/2023 22:15,23.67513466,08/03/2023 22:15,23.72926871
08/03/2023 22:20,23.67513466,08/03/2023 22:20,23.7307226
08/03/2023 22:25,23.67513466,08/03/2023 22:25,23.73211227
08/03/2023 22:30,23.67513466,08/03/2023 22:30,23.73341926
08/03/2023 22:35,23.67513466,08/03/2023 22:35,23.73462696
08/03/2023 22:40,23.82404709,08/03/2023 22:40,23.73572065
08/03/2023 22:45,23.82404709,08/03/2023 22:45,23.74001324
08/03/2023 22:50,23.82404709,08/03/2023 22:50,23.74416828
08/03/2023 22:55,23.82404709,08/03/2023 22:55,23.74817696
08/03/2023 23:00,23.82404709,08/03/2023 23:00,23.75203244
08/03/2023 23:05,23.82404709,08/03/2023 23:05,23.7557298
08/03/2023 23:10,23.82404709,08/03/2023 23:10,23.75926602
08/03/2023 23:15,23.82404709,08/03/2023 23:15,23.76263991
08/03/2023 23:20,23.82404709,08/03/2023 23:20,23.76585201
08/03/2023 23:25,23.82404709,08/03/2023 23:25,23.76890451
08/03/2023 23:30,23.82404709,08/03/2023 23:30,23.77180114
08/03/2023 23:35,23.82404709,08/03/2023 23:35,23.77454706
08/03/2023 23:40,23.82404709,08/03/2023 23:40,23.77714871
08/03/2023 23:45,23.82404709,08/03/2023 23:45,23.77961367
08/03/2023 23:50,23.82404709,08/03/2023 23:50,23.78195053
08/03/2023 23:55,23.82404709,08/03/2023 23:55,23.78416869
09/03/2023 0:00,23.82404709,09/03/2023 0:00,23.78627822
09/03/2023 0:05,23.82404709,09/03/2023 0:05,23.7882897
09/03/2023 0:10,23.82404709,09/03/2023 0:10,23.79021403
09/03/2023 0:15,23.82404709,09/03/2023 0:15,23.79206224
09/03/2023 0:20,23.82404709,09/03/2023 0:20,23.79384537
09/03/2023 0:25,23.82404709,09/03/2023 0:25,23.79557424
09/03/2023 0:30,23.82404709,09/03/2023 0:30,23.7972593
09/03/2023 0:35,23.82404709,09/03/2023 0:35,23.79891048
09/03/2023 0:40,23.82404709,09/03/2023 0:40,23.80053702
09/03/2023 0:45,23.82404709,09/03/2023 0:45,23.80214734
09/03/2023 0:50,23.82404709,09/03/2023 0:50,23.80374886
09/03/2023 0:55,23.82404709,09/03/2023 0:55,23.8053479
09/03/2023 1:00,23.82404709,09/03/2023 1:00,23.80694957
09/03/2023 1:05,23.82404709,09/03/2023 1:05,23.80855765
09/03/2023 1:10,23.82404709,09/03/2023 1:10,23.81017449
09/03/2023 1:15,23.82404709,09/03/2023 1:15,23.81180097
09/03/2023 1:20,23.82404709,09/03/2023 1:20,23.81343638
09/03/2023 1:25,23.82404709,09/03/2023 1:25,23.81507846
09/03/2023 1:30,23.82404709,09/03/2023 1:30,23.81672329
09/03/2023 1:35,23.82404709,09/03/2023 1:35,23.81836535
09/03/2023 1:40,23.82404709,09/03/2023 1:40,23.81999746
09/03/2023 1:45,23.82404709,09/03/2023 1:45,23.82161087
09/03/2023 1:50,23.82404709,09/03/2023 1:50,23.82319525
09/03/2023 1:55,23.82404709,09/03/2023 1:55,23.82670786
09/03/2023 2:00,23.82404709,09/03/2023 2:00,23.83016639
09/03/2023 2:05,23.82404709,09/03/2023 2:05,23.83355627
09/03/2023 2:10,23.82404709,09/03/2023 2:10,23.83686174
09/03/2023 2:15,23.82404709,09/03/2023 2:15,23.84006589
09/03/2023 2:20,23.82404709,09/03/2023 2:20,23.84315088
09/03/2023 2:25,23.82404709,09/03/2023 2:25,23.84609806
09/03/2023 2:30,23.82404709,09/03/2023 2:30,23.84888811
09/03/2023 2:35,23.82404709,09/03/2023 2:35,23.85150123
09/03/2023 2:40,23.82404709,09/03/2023 2:40,23.85391735
09/03/2023 2:45,23.82404709,09/03/2023 2:45,23.85611626
09/03/2023 2:50,23.82404709,09/03/2023 2:50,23.85807782
09/03/2023 2:55,23.82404709,09/03/2023 2:55,23.8597822
09/03/2023 3:00,23.82404709,09/03/2023 3:00,23.86121003
09/03/2023 3:05,23.82404709,09/03/2023 3:05,23.86234263
09/03/2023 3:10,23.82404709,09/03/2023 3:10,23.86316219
09/03/2023 3:15,23.82404709,09/03/2023 3:15,23.863652
09/03/2023 3:20,23.82404709,09/03/2023 3:20,23.86379661
09/03/2023 3:25,23.82404709,09/03/2023 3:25,23.86358205
09/03/2023 3:30,23.82404709,09/03/2023 3:30,23.862996
09/03/2023 3:35,23.82404709,09/03/2023 3:35,23.86202794
09/03/2023 3:40,23.82404709,09/03/2023 3:40,23.86066936
09/03/2023 3:45,23.82404709,09/03/2023 3:45,23.85891387
09/03/2023 3:50,23.82404709,09/03/2023 3:50,23.85675737
09/03/2023 3:55,23.82404709,09/03/2023 3:55,23.85419813
09/03/2023 4:00,23.82404709,09/03/2023 4:00,23.85123695
09/03/2023 4:05,23.82404709,09/03/2023 4:05,23.84787721
09/03/2023 4:10,23.82404709,09/03/2023 4:10,23.84412495
09/03/2023 4:15,23.82404709,09/03/2023 4:15,23.83998895
09/03/2023 4:20,23.82404709,09/03/2023 4:20,23.83548072
09/03/2023 4:25,23.82404709,09/03/2023 4:25,23.83061455
09/03/2023 4:30,23.82404709,09/03/2023 4:30,23.8254075
09/03/2023 4:35,23.82404709,09/03/2023 4:35,23.81987935
09/03/2023 4:40,23.67473793,09/03/2023 4:40,23.81405257
09/03/2023 4:45,23.67473793,09/03/2023 4:45,23.80795226
09/03/2023 4:50,23.67473793,09/03/2023 4:50,23.80160603
09/03/2023 4:55,23.67473793,09/03/2023 4:55,23.79504395
09/03/2023 5:00,23.67473793,09/03/2023 5:00,23.78829834
09/03/2023 5:05,23.67473793,09/03/2023 5:05,23.78140371
09/03/2023 5:10,23.67473793,09/03/2023 5:10,23.77638076
09/03/2023 5:15,23.67473793,09/03/2023 5:15,23.77128352
09/03/2023 5:20,23.82361603,09/03/2023 5:20,23.76615188
09/03/2023 5:25,23.82361603,09/03/2023 5:25,23.76102711
09/03/2023 5:30,23.82361603,09/03/2023 5:30,23.75595164
09/03/2023 5:35,23.82361603,09/03/2023 5:35,23.75096884
09/03/2023 5:40,23.82361603,09/03/2023 5:40,23.74612276
09/03/2023 5:45,23.82361603,09/03/2023 5:45,23.74145788
09/03/2023 5:50,23.82361603,09/03/2023 5:50,23.73701884
09/03/2023 5:55,23.97254944,09/03/2023 5:55,23.73285018
09/03/2023 6:00,23.97254944,09/03/2023 6:00,23.72899606
09/03/2023 6:05,23.97254944,09/03/2023 6:05,23.7255
09/03/2023 6:10,23.97254944,09/03/2023 6:10,23.7224046
09/03/2023 6:15,23.823452,09/03/2023 6:15,23.71975129
09/03/2023 6:20,23.823452,09/03/2023 6:20,23.71758002
09/03/2023 6:25,23.823452,09/03/2023 6:25,23.71592907
09/03/2023 6:30,23.823452,09/03/2023 6:30,23.71483473
09/03/2023 6:35,23.823452,09/03/2023 6:35,23.71433113
09/03/2023 6:40,23.823452,09/03/2023 6:40,23.71444995
09/03/2023 6:45,23.823452,09/03/2023 6:45,23.71522025
09/03/2023 6:50,23.67344856,09/03/2023 6:50,23.71666825
09/03/2023 6:55,23.67344856,09/03/2023 6:55,23.71881716
09/03/2023 7:00,23.67344856,09/03/2023 7:00,23.72168701
09/03/2023 7:05,23.67344856,09/03/2023 7:05,23.72529449
09/03/2023 7:10,23.67344856,09/03/2023 7:10,23.72965287
09/03/2023 7:15,23.67344856,09/03/2023 7:15,23.73477185
09/03/2023 7:20,23.67344856,09/03/2023 7:20,23.74065749
09/03/2023 7:25,23.67344856,09/03/2023 7:25,23.74731219
09/03/2023 7:30,23.67344856,09/03/2023 7:30,23.7547346
09/03/2023 7:35,23.67344856,09/03/2023 7:35,23.76291965
09/03/2023 7:40,23.67344856,09/03/2023 7:40,23.77185853
09/03/2023 7:45,23.67344856,09/03/2023 7:45,23.78153876
09/03/2023 7:50,23.67344856,09/03/2023 7:50,23.79194424
09/03/2023 7:55,23.67344856,09/03/2023 7:55,23.80305533
09/03/2023 8:00,23.67344856,09/03/2023 8:00,23.81484893
09/03/2023 8:05,23.67344856,09/03/2023 8:05,23.82729869
09/03/2023 8:10,23.67344856,09/03/2023 8:10,23.84037506
09/03/2023 8:15,23.82286263,09/03/2023 8:15,23.85404553
09/03/2023 8:20,23.82286263,09/03/2023 8:20,23.86827481
09/03/2023 8:25,23.82286263,09/03/2023 8:25,23.88302502
09/03/2023 8:30,23.82286263,09/03/2023 8:30,23.89825593
09/03/2023 8:35,23.9726696,09/03/2023 8:35,23.91392518
09/03/2023 8:40,23.9726696,09/03/2023 8:40,23.92998857
09/03/2023 8:45,23.9726696,09/03/2023 8:45,23.9464003
09/03/2023 8:50,23.9726696,09/03/2023 8:50,23.96311326
09/03/2023 8:55,24.12162781,09/03/2023 8:55,23.9800793
09/03/2023 9:00,24.12162781,09/03/2023 9:00,23.99724954
09/03/2023 9:05,24.12162781,09/03/2023 9:05,24.01457464
09/03/2023 9:10,24.12162781,09/03/2023 9:10,24.03200512
09/03/2023 9:15,24.12162781,09/03/2023 9:15,24.04949163
09/03/2023 9:20,24.12162781,09/03/2023 9:20,24.06698529
09/03/2023 9:25,24.12162781,09/03/2023 9:25,24.08443792
09/03/2023 9:30,24.12162781,09/03/2023 9:30,24.10180238
09/03/2023 9:35,24.12162781,09/03/2023 9:35,24.11903282
09/03/2023 9:40,24.12162781,09/03/2023 9:40,24.13608495
09/03/2023 9:45,24.12162781,09/03/2023 9:45,24.15291628
09/03/2023 9:50,24.27041626,09/03/2023 9:50,24.1694864
09/03/2023 9:55,24.27041626,09/03/2023 9:55,24.18575717
09/03/2023 10:00,24.27041626,09/03/2023 10:00,24.20169295
09/03/2023 10:05,24.27041626,09/03/2023 10:05,24.21726079
09/03/2023 10:10,24.27041626,09/03/2023 10:10,24.23243057
09/03/2023 10:15,24.27041626,09/03/2023 10:15,24.24717521
09/03/2023 10:20,24.27041626,09/03/2023 10:20,24.26147075
09/03/2023 10:25,24.27041626,09/03/2023 10:25,24.2752965
09/03/2023 10:30,24.27041626,09/03/2023 10:30,24.28863506
09/03/2023 10:35,24.27041626,09/03/2023 10:35,24.30147245
09/03/2023 10:40,24.27041626,09/03/2023 10:40,24.31379811
09/03/2023 10:45,24.27041626,09/03/2023 10:45,24.32560492
09/03/2023 10:50,24.27041626,09/03/2023 10:50,24.33688918
09/03/2023 10:55,24.27041626,09/03/2023 10:55,24.34765059
09/03/2023 11:00,24.27041626,09/03/2023 11:00,24.35789218
09/03/2023 11:05,24.27041626,09/03/2023 11:05,24.36762022
09/03/2023 11:10,24.27041626,09/03/2023 11:10,24.37684412
09/03/2023 11:15,24.27041626,09/03/2023 11:15,24.38557633
09/03/2023 11:20,24.27041626,09/03/2023 11:20,24.39383214
09/03/2023 11:25,24.27041626,09/03/2023 11:25,24.40162954
09/03/2023 11:30,24.41898346,09/03/2023 11:30,24.40890256
09/03/2023 11:35,24.41898346,09/03/2023 11:35,24.41576052
09/03/2023 11:40,24.41898346,09/03/2023 11:40,24.42222833
09/03/2023 11:45,24.41898346,09/03/2023 11:45,24.42833277
09/03/2023 11:50,24.41898346,09/03/2023 11:50,24.43410226
09/03/2023 11:55,24.41898346,09/03/2023 11:55,24.43956654
09/03/2023 12:00,24.41898346,09/03/2023 12:00,24.44475649
09/03/2023 12:05,24.41898346,09/03/2023 12:05,24.44970381
09/03/2023 12:10,24.41898346,09/03/2023 12:10,24.45444077
09/03/2023 12:15,24.56757545,09/03/2023 12:15,24.45899993
09/03/2023 12:20,24.56757545,09/03/2023 12:20,24.46341387
09/03/2023 12:25,24.56757545,09/03/2023 12:25,24.46771489
09/03/2023 12:30,24.56757545,09/03/2023 12:30,24.4719348
09/03/2023 12:35,24.56757545,09/03/2023 12:35,24.47610459
09/03/2023 12:40,24.56757545,09/03/2023 12:40,24.48025422
09/03/2023 12:45,24.56757545,09/03/2023 12:45,24.48441238
09/03/2023 12:50,24.56757545,09/03/2023 12:50,24.4886062
09/03/2023 12:55,24.56757545,09/03/2023 12:55,24.49286111
09/03/2023 13:00,24.56757545,09/03/2023 13:00,24.49720056
09/03/2023 13:05,24.56757545,09/03/2023 13:05,24.50164588
09/03/2023 13:10,24.56757545,09/03/2023 13:10,24.50621609
09/03/2023 13:15,24.56757545,09/03/2023 13:15,24.51092775
09/03/2023 13:20,24.56757545,09/03/2023 13:20,24.51579482
09/03/2023 13:25,24.56757545,09/03/2023 13:25,24.52082855
09/03/2023 13:30,24.56757545,09/03/2023 13:30,24.52603742
09/03/2023 13:35,24.56757545,09/03/2023 13:35,24.53142702
09/03/2023 13:40,24.56757545,09/03/2023 13:40,24.53700005
09/03/2023 13:45,24.56757545,09/03/2023 13:45,24.54275627
09/03/2023 13:50,24.56757545,09/03/2023 13:50,24.54869253
09/03/2023 13:55,24.56757545,09/03/2023 13:55,24.55480276
09/03/2023 14:00,24.56757545,09/03/2023 14:00,24.56107804
09/03/2023 14:05,24.56757545,09/03/2023 14:05,24.56750667
09/03/2023 14:10,24.56757545,09/03/2023 14:10,24.57407427
09/03/2023 14:15,24.56757545,09/03/2023 14:15,24.58076385
09/03/2023 14:20,24.56757545,09/03/2023 14:20,24.58755602
09/03/2023 14:25,24.56757545,09/03/2023 14:25,24.59442906
09/03/2023 14:30,24.56757545,09/03/2023 14:30,24.60135916
09/03/2023 14:35,24.56757545,09/03/2023 14:35,24.60832056
09/03/2023 14:40,24.56757545,09/03/2023 14:40,24.61528579
09/03/2023 14:45,24.56757545,09/03/2023 14:45,24.61407316
09/03/2023 14:50,24.56757545,09/03/2023 14:50,24.61280512
09/03/2023 14:55,24.56757545,09/03/2023 14:55,24.61145035
09/03/2023 15:00,24.56757545,09/03/2023 15:00,24.60997677
09/03/2023 15:05,24.56757545,09/03/2023 15:05,24.60835176
09/03/2023 15:10,24.56757545,09/03/2023 15:10,24.60654242
09/03/2023 15:15,24.56757545,09/03/2023 15:15,24.60451585
09/03/2023 15:20,24.56757545,09/03/2023 15:20,24.6022394
09/03/2023 15:25,24.56757545,09/03/2023 15:25,24.59968095
09/03/2023 15:30,24.56757545,09/03/2023 15:30,24.59680916
09/03/2023 15:35,24.56757545,09/03/2023 15:35,24.59359372
09/03/2023 15:40,24.56757545,09/03/2023 15:40,24.5900056
09/03/2023 15:45,24.56757545,09/03/2023 15:45,24.58601731
09/03/2023 15:50,24.56757545,09/03/2023 15:50,24.58160311
09/03/2023 15:55,24.56757545,09/03/2023 15:55,24.57673924
09/03/2023 16:00,24.56757545,09/03/2023 16:00,24.5714041
09/03/2023 16:05,24.56757545,09/03/2023 16:05,24.56557848
09/03/2023 16:10,24.56757545,09/03/2023 16:10,24.55924568
09/03/2023 16:15,24.56757545,09/03/2023 16:15,24.55239173
09/03/2023 16:20,24.56757545,09/03/2023 16:20,24.54500544
09/03/2023 16:25,24.56757545,09/03/2023 16:25,24.53707861
09/03/2023 16:30,24.56757545,09/03/2023 16:30,24.52860604
09/03/2023 16:35,24.56757545,09/03/2023 16:35,24.51958565
09/03/2023 16:40,24.56757545,09/03/2023 16:40,24.51001853
09/03/2023 16:45,24.56757545,09/03/2023 16:45,24.49990894
09/03/2023 16:50,24.56757545,09/03/2023 16:50,24.48926435
09/03/2023 16:55,24.56757545,09/03/2023 16:55,24.47809539
09/03/2023 17:00,24.56757545,09/03/2023 17:00,24.46641583
09/03/2023 17:05,24.56757545,09/03/2023 17:05,24.45424254
09/03/2023 17:10,24.56757545,09/03/2023 17:10,24.44159533
09/03/2023 17:15,24.41855431,09/03/2023 17:15,24.42849695
09/03/2023 17:20,24.41855431,09/03/2023 17:20,24.41497287
09/03/2023 17:25,24.41855431,09/03/2023 17:25,24.4010512
09/03/2023 17:30,24.41855431,09/03/2023 17:30,24.3867625
09/03/2023 17:35,24.26969528,09/03/2023 17:35,24.37213962
09/03/2023 17:40,24.26969528,09/03/2023 17:40,24.35721746
09/03/2023 17:45,24.26969528,09/03/2023 17:45,24.34203281
09/03/2023 17:50,24.26969528,09/03/2023 17:50,24.32662412
09/03/2023 17:55,24.26969528,09/03/2023 17:55,24.31509959
09/03/2023 18:00,24.26969528,09/03/2023 18:00,24.3034319
09/03/2023 18:05,24.26969528,09/03/2023 18:05,24.29166299
09/03/2023 18:10,24.26969528,09/03/2023 18:10,24.27983548
09/03/2023 18:15,24.26969528,09/03/2023 18:15,24.26799239
09/03/2023 18:20,24.11994171,09/03/2023 18:20,24.2561769
09/03/2023 18:25,24.11994171,09/03/2023 18:25,24.24443205
09/03/2023 18:30,24.11994171,09/03/2023 18:30,24.23280051
09/03/2023 18:35,24.11994171,09/03/2023 18:35,24.22132432
09/03/2023 18:40,24.11994171,09/03/2023 18:40,24.21004463
09/03/2023 18:45,24.11994171,09/03/2023 18:45,24.19900145
09/03/2023 18:50,24.11994171,09/03/2023 18:50,24.18823343
09/03/2023 18:55,24.11994171,09/03/2023 18:55,24.17777761
09/03/2023 19:00,24.11994171,09/03/2023 19:00,24.16766925
09/03/2023 19:05,24.11994171,09/03/2023 19:05,24.15794158
09/03/2023 19:10,24.11994171,09/03/2023 19:10,24.14862565
09/03/2023 19:15,24.11994171,09/03/2023 19:15,24.13975013
09/03/2023 19:20,24.11994171,09/03/2023 19:20,24.13134121
09/03/2023 19:25,24.11994171,09/03/2023 19:25,24.12342241
09/03/2023 19:30,24.11994171,09/03/2023 19:30,24.11601449
09/03/2023 19:35,24.11994171,09/03/2023 19:35,24.10913537
09/03/2023 19:40,24.11994171,09/03/2023 19:40,24.10280002
09/03/2023 19:45,24.11994171,09/03/2023 19:45,24.09702045
09/03/2023 19:50,24.11994171,09/03/2023 19:50,24.09180563
09/03/2023 19:55,24.11994171,09/03/2023 19:55,24.08716151
09/03/2023 20:00,24.11994171,09/03/2023 20:00,24.08309103
09/03/2023 20:05,24.11994171,09/03/2023 20:05,24.07959414
09/03/2023 20:10,24.11994171,09/03/2023 20:10,24.07666783
09/03/2023 20:15,24.11994171,09/03/2023 20:15,24.07430624
09/03/2023 20:20,24.11994171,09/03/2023 20:20,24.07250071
09/03/2023 20:25,24.11994171,09/03/2023 20:25,24.07123991
09/03/2023 20:30,24.11994171,09/03/2023 20:30,24.07050998
09/03/2023 20:35,24.11994171,09/03/2023 20:35,24.07029461
09/03/2023 20:40,24.11994171,09/03/2023 20:40,24.07057525
09/03/2023 20:45,24.11994171,09/03/2023 20:45,24.07133125
09/03/2023 20:50,24.11994171,09/03/2023 20:50,24.07254007
09/03/2023 20:55,24.11994171,09/03/2023 20:55,24.07417742
09/03/2023 21:00,24.11994171,09/03/2023 21:00,24.07621753
09/03/2023 21:05,24.11994171,09/03/2023 21:05,24.07863318
09/03/2023 21:10,24.11994171,09/03/2023 21:10,24.08139627
09/03/2023 21:15,24.11994171,09/03/2023 21:15,24.08447772
09/03/2023 21:20,24.11994171,09/03/2023 21:20,24.08784776
09/03/2023 21:25,24.11994171,09/03/2023 21:25,24.09147622
09/03/2023 21:30,24.11994171,09/03/2023 21:30,24.09533269
09/03/2023 21:35,24.11994171,09/03/2023 21:35,24.09938674
09/03/2023 21:40,24.11994171,09/03/2023 21:40,24.10360818
09/03/2023 21:45,24.11994171,09/03/2023 21:45,24.1079672
09/03/2023 21:50,24.11994171,09/03/2023 21:50,24.11243464
09/03/2023 21:55,24.11994171,09/03/2023 21:55,24.1169821
09/03/2023 22:00,24.11994171,09/03/2023 22:00,24.1215822
09/03/2023 22:05,24.11994171,09/03/2023 22:05,24.1262087
09/03/2023 22:10,24.11994171,09/03/2023 22:10,24.13083664
09/03/2023 22:15,24.11994171,09/03/2023 22:15,24.13544254
09/03/2023 22:20,24.11994171,09/03/2023 22:20,24.14000447
09/03/2023 22:25,24.11994171,09/03/2023 22:25,24.1445022
09/03/2023 22:30,24.11994171,09/03/2023 22:30,24.14891724
09/03/2023 22:35,24.11994171,09/03/2023 22:35,24.15323298
09/03/2023 22:40,24.11994171,09/03/2023 22:40,24.15743472
09/03/2023 22:45,24.11994171,09/03/2023 22:45,24.1615097
09/03/2023 22:50,24.11994171,09/03/2023 22:50,24.16544712
09/03/2023 22:55,24.11994171,09/03/2023 22:55,24.16923818
09/03/2023 23:00,24.11994171,09/03/2023 23:00,24.17287604
09/03/2023 23:05,24.11994171,09/03/2023 23:05,24.17635578
09/03/2023 23:10,24.11994171,09/03/2023 23:10,24.17967439
09/03/2023 23:15,24.11994171,09/03/2023 23:15,24.18283066
09/03/2023 23:20,24.11994171,09/03/2023 23:20,24.18582513
09/03/2023 23:25,24.11994171,09/03/2023 23:25,24.18866001
09/03/2023 23:30,24.11994171,09/03/2023 23:30,24.19133903
09/03/2023 23:35,24.11994171,09/03/2023 23:35,24.19386733
09/03/2023 23:40,24.11994171,09/03/2023 23:40,24.19625136
09/03/2023 23:45,24.11994171,09/03/2023 23:45,24.19849871
09/03/2023 23:50,24.11994171,09/03/2023 23:50,24.20061794
09/03/2023 23:55,24.11994171,09/03/2023 23:55,24.20261848
10/03/2023 0:00,24.11994171,10/03/2023 0:00,24.2045104
10/03/2023 0:05,24.11994171,10/03/2023 0:05,24.20630426
10/03/2023 0:10,24.11994171,10/03/2023 0:10,24.20801097
10/03/2023 0:15,24.27021217,10/03/2023 0:15,24.20964157
10/03/2023 0:20,24.27021217,10/03/2023 0:20,24.20911887
10/03/2023 0:25,24.27021217,10/03/2023 0:25,24.20854192
10/03/2023 0:30,24.27021217,10/03/2023 0:30,24.20792115
10/03/2023 0:35,24.27021217,10/03/2023 0:35,24.20726651
10/03/2023 0:40,24.27021217,10/03/2023 0:40,24.20658724
10/03/2023 0:45,24.27021217,10/03/2023 0:45,24.20589173
10/03/2023 0:50,24.27021217,10/03/2023 0:50,24.20518743
10/03/2023 0:55,24.27021217,10/03/2023 0:55,24.20448065
10/03/2023 1:00,24.27021217,10/03/2023 1:00,24.2037765
10/03/2023 1:05,24.27021217,10/03/2023 1:05,24.20307876
10/03/2023 1:10,24.27021217,10/03/2023 1:10,24.20238978
10/03/2023 1:15,24.27021217,10/03/2023 1:15,24.20171043
10/03/2023 1:20,24.27021217,10/03/2023 1:20,24.20104002
10/03/2023 1:25,24.27021217,10/03/2023 1:25,24.20037628
10/03/2023 1:30,24.27021217,10/03/2023 1:30,24.19971529
10/03/2023 1:35,24.27021217,10/03/2023 1:35,24.19905152
10/03/2023 1:40,24.27021217,10/03/2023 1:40,24.19837781
10/03/2023 1:45,24.27021217,10/03/2023 1:45,24.1976854
10/03/2023 1:50,24.27021217,10/03/2023 1:50,24.19696396
10/03/2023 1:55,24.27021217,10/03/2023 1:55,24.19620169
10/03/2023 2:00,24.27021217,10/03/2023 2:00,24.19538534
10/03/2023 2:05,24.27021217,10/03/2023 2:05,24.19450036
10/03/2023 2:10,24.27021217,10/03/2023 2:10,24.19353094
10/03/2023 2:15,24.27021217,10/03/2023 2:15,24.19246022
10/03/2023 2:20,24.27021217,10/03/2023 2:20,24.19127033
10/03/2023 2:25,24.27021217,10/03/2023 2:25,24.18994263
10/03/2023 2:30,24.27021217,10/03/2023 2:30,24.18845781
10/03/2023 2:35,24.27021217,10/03/2023 2:35,24.18679606
10/03/2023 2:40,24.27021217,10/03/2023 2:40,24.1849373
10/03/2023 2:45,24.27021217,10/03/2023 2:45,24.18286133
10/03/2023 2:50,24.27021217,10/03/2023 2:50,24.18054801
10/03/2023 2:55,24.12163353,10/03/2023 2:55,24.17797752
10/03/2023 3:00,24.12163353,10/03/2023 3:00,24.17513047
10/03/2023 3:05,24.12163353,10/03/2023 3:05,24.17198819
10/03/2023 3:10,24.12163353,10/03/2023 3:10,24.16853288
10/03/2023 3:15,24.12163353,10/03/2023 3:15,24.16474781
10/03/2023 3:20,24.12163353,10/03/2023 3:20,24.16061754
10/03/2023 3:25,24.12163353,10/03/2023 3:25,24.15612811
10/03/2023 3:30,24.12163353,10/03/2023 3:30,24.16335625
10/03/2023 3:35,24.12163353,10/03/2023 3:35,24.1702024
10/03/2023 3:40,24.12163353,10/03/2023 3:40,24.17665801
10/03/2023 3:45,24.12163353,10/03/2023 3:45,24.18271673
10/03/2023 3:50,24.12163353,10/03/2023 3:50,24.18837442
10/03/2023 3:55,24.12163353,10/03/2023 3:55,24.19362938
10/03/2023 4:00,24.12163353,10/03/2023 4:00,24.1984824
10/03/2023 4:05,24.12163353,10/03/2023 4:05,24.20293686
10/03/2023 4:10,24.12163353,10/03/2023 4:10,24.2069988
10/03/2023 4:15,24.12163353,10/03/2023 4:15,24.21067699
10/03/2023 4:20,24.12163353,10/03/2023 4:20,24.21398296
10/03/2023 4:25,24.12163353,10/03/2023 4:25,24.21693099
10/03/2023 4:30,24.12163353,10/03/2023 4:30,24.21953814
10/03/2023 4:35,24.12163353,10/03/2023 4:35,24.22182419
10/03/2023 4:40,24.12163353,10/03/2023 4:40,24.22381161
10/03/2023 4:45,24.12163353,10/03/2023 4:45,24.22552549
10/03/2023 4:50,24.12163353,10/03/2023 4:50,24.22699347
10/03/2023 4:55,24.12163353,10/03/2023 4:55,24.22824558
10/03/2023 5:00,24.12163353,10/03/2023 5:00,24.22931418
10/03/2023 5:05,24.12163353,10/03/2023 5:05,24.23023374
10/03/2023 5:10,24.12163353,10/03/2023 5:10,24.23104075
10/03/2023 5:15,24.12163353,10/03/2023 5:15,24.23177347
10/03/2023 5:20,24.12163353,10/03/2023 5:20,24.23247178
10/03/2023 5:25,24.27018547,10/03/2023 5:25,24.23317697
10/03/2023 5:30,24.27018547,10/03/2023 5:30,24.23393145
10/03/2023 5:35,24.27018547,10/03/2023 5:35,24.23477861
10/03/2023 5:40,24.27018547,10/03/2023 5:40,24.23576249
10/03/2023 5:45,24.27018547,10/03/2023 5:45,24.23692756
10/03/2023 5:50,24.27018547,10/03/2023 5:50,24.23831848
10/03/2023 5:55,24.27018547,10/03/2023 5:55,24.23997977
10/03/2023 6:00,24.27018547,10/03/2023 6:00,24.24195561
10/03/2023 6:05,24.27018547,10/03/2023 6:05,24.24428951
10/03/2023 6:10,24.27018547,10/03/2023 6:10,24.24702406
10/03/2023 6:15,24.27018547,10/03/2023 6:15,24.2502007
10/03/2023 6:20,24.27018547,10/03/2023 6:20,24.25385939
10/03/2023 6:25,24.27018547,10/03/2023 6:25,24.2580384
10/03/2023 6:30,24.27018547,10/03/2023 6:30,24.26277402
10/03/2023 6:35,24.27018547,10/03/2023 6:35,24.26810037
10/03/2023 6:40,24.27018547,10/03/2023 6:40,24.25798786
10/03/2023 6:45,24.27018547,10/03/2023 6:45,24.24852682
10/03/2023 6:50,24.27018547,10/03/2023 6:50,24.23974349
10/03/2023 6:55,24.27018547,10/03/2023 6:55,24.23166106
10/03/2023 7:00,24.27018547,10/03/2023 7:00,24.22429958
10/03/2023 7:05,24.27018547,10/03/2023 7:05,24.21767573
10/03/2023 7:10,24.27018547,10/03/2023 7:10,24.21180277
10/03/2023 7:15,24.27018547,10/03/2023 7:15,24.20669041
10/03/2023 7:20,24.27018547,10/03/2023 7:20,24.20234473
10/03/2023 7:25,24.27018547,10/03/2023 7:25,24.19876809
10/03/2023 7:30,24.27018547,10/03/2023 7:30,24.19595917
10/03/2023 7:35,24.27018547,10/03/2023 7:35,24.19391288
10/03/2023 7:40,24.27018547,10/03/2023 7:40,24.19262042
10/03/2023 7:45,24.27018547,10/03/2023 7:45,24.19206932
10/03/2023 7:50,24.27018547,10/03/2023 7:50,24.19224347
10/03/2023 7:55,24.27018547,10/03/2023 7:55,24.19312322
10/03/2023 8:00,24.27018547,10/03/2023 8:00,24.19468549
10/03/2023 8:05,24.27018547,10/03/2023 8:05,24.19690391
10/03/2023 8:10,24.27018547,10/03/2023 8:10,24.19974895
10/03/2023 8:15,24.27018547,10/03/2023 8:15,24.20318808
10/03/2023 8:20,24.27018547,10/03/2023 8:20,24.20718602
10/03/2023 8:25,24.27018547,10/03/2023 8:25,24.21170489
10/03/2023 8:30,24.27018547,10/03/2023 8:30,24.21670445
10/03/2023 8:35,24.27018547,10/03/2023 8:35,24.22214235
10/03/2023 8:40,24.27018547,10/03/2023 8:40,24.22797439
10/03/2023 8:45,24.27018547,10/03/2023 8:45,24.23415478
10/03/2023 8:50,24.27018547,10/03/2023 8:50,24.24063639
10/03/2023 8:55,24.27018547,10/03/2023 8:55,24.24737109
10/03/2023 9:00,24.27018547,10/03/2023 9:00,24.25430998
10/03/2023 9:05,24.27018547,10/03/2023 9:05,24.26140373
10/03/2023 9:10,24.27018547,10/03/2023 9:10,24.26860286
10/03/2023 9:15,24.27018547,10/03/2023 9:15,24.27585803
10/03/2023 9:20,24.27018547,10/03/2023 9:20,24.28312034
10/03/2023 9:25,24.27018547,10/03/2023 9:25,24.29034163
10/03/2023 9:30,24.27018547,10/03/2023 9:30,24.29747474
10/03/2023 9:35,24.27018547,10/03/2023 9:35,24.30447384
10/03/2023 9:40,24.27018547,10/03/2023 9:40,24.31129462
10/03/2023 9:45,24.27018547,10/03/2023 9:45,24.31789461
10/03/2023 9:50,24.27018547,10/03/2023 9:50,24.32423338
10/03/2023 9:55,24.27018547,10/03/2023 9:55,24.33436042
10/03/2023 10:00,24.27018547,10/03/2023 10:00,24.34415248
10/03/2023 10:05,24.27018547,10/03/2023 10:05,24.35357658
10/03/2023 10:10,24.27018547,10/03/2023 10:10,24.36260264
10/03/2023 10:15,24.27018547,10/03/2023 10:15,24.37120355
10/03/2023 10:20,24.27018547,10/03/2023 10:20,24.37935537
10/03/2023 10:25,24.27018547,10/03/2023 10:25,24.38703738
10/03/2023 10:30,24.41956139,10/03/2023 10:30,24.39423222
10/03/2023 10:35,24.41956139,10/03/2023 10:35,24.40092588
10/03/2023 10:40,24.41956139,10/03/2023 10:40,24.40710782
10/03/2023 10:45,24.41956139,10/03/2023 10:45,24.4127709
10/03/2023 10:50,24.41956139,10/03/2023 10:50,24.41791143
10/03/2023 10:55,24.41956139,10/03/2023 10:55,24.42252912
10/03/2023 11:00,24.41956139,10/03/2023 11:00,24.42662698
10/03/2023 11:05,24.41956139,10/03/2023 11:05,24.43021129
10/03/2023 11:10,24.41956139,10/03/2023 11:10,24.43329147
10/03/2023 11:15,24.41956139,10/03/2023 11:15,24.43587995
10/03/2023 11:20,24.41956139,10/03/2023 11:20,24.43799203
10/03/2023 11:25,24.41956139,10/03/2023 11:25,24.43964571
10/03/2023 11:30,24.41956139,10/03/2023 11:30,24.4408615
10/03/2023 11:35,24.41956139,10/03/2023 11:35,24.44166223
10/03/2023 11:40,24.41956139,10/03/2023 11:40,24.44207282
10/03/2023 11:45,24.41956139,10/03/2023 11:45,24.44212004
10/03/2023 11:50,24.41956139,10/03/2023 11:50,24.4418323
10/03/2023 11:55,24.41956139,10/03/2023 11:55,24.44123935
10/03/2023 12:00,24.41956139,10/03/2023 12:00,24.44037208
10/03/2023 12:05,24.41956139,10/03/2023 12:05,24.43926217
10/03/2023 12:10,24.41956139,10/03/2023 12:10,24.43794191
10/03/2023 12:15,24.41956139,10/03/2023 12:15,24.43644385
10/03/2023 12:20,24.41956139,10/03/2023 12:20,24.43480056
10/03/2023 12:25,24.41956139,10/03/2023 12:25,24.43304435
10/03/2023 12:30,24.41956139,10/03/2023 12:30,24.43120703
10/03/2023 12:35,24.41956139,10/03/2023 12:35,24.4293196
10/03/2023 12:40,24.41956139,10/03/2023 12:40,24.42741201
10/03/2023 12:45,24.41956139,10/03/2023 12:45,24.42551294
10/03/2023 12:50,24.41956139,10/03/2023 12:50,24.42364954
10/03/2023 12:55,24.41956139,10/03/2023 12:55,24.42184722
10/03/2023 13:00,24.41956139,10/03/2023 13:00,24.42012945
10/03/2023 13:05,24.41956139,10/03/2023 13:05,24.42132783
10/03/2023 13:10,24.41956139,10/03/2023 13:10,24.42265109
10/03/2023 13:15,24.41956139,10/03/2023 13:15,24.4241158
10/03/2023 13:20,24.41956139,10/03/2023 13:20,24.42573592
10/03/2023 13:25,24.41956139,10/03/2023 13:25,24.42752271
10/03/2023 13:30,24.41956139,10/03/2023 13:30,24.42948464
10/03/2023 13:35,24.41956139,10/03/2023 13:35,24.43162729
10/03/2023 13:40,24.41956139,10/03/2023 13:40,24.43395338
10/03/2023 13:45,24.41956139,10/03/2023 13:45,24.43646266
10/03/2023 13:50,24.41956139,10/03/2023 13:50,24.43915197
10/03/2023 13:55,24.41956139,10/03/2023 13:55,24.44201525
10/03/2023 14:00,24.41956139,10/03/2023 14:00,24.44504359
10/03/2023 14:05,24.41956139,10/03/2023 14:05,24.44822528
10/03/2023 14:10,24.41956139,10/03/2023 14:10,24.45154593
10/03/2023 14:15,24.41956139,10/03/2023 14:15,24.45498857
10/03/2023 14:20,24.41956139,10/03/2023 14:20,24.45853379
10/03/2023 14:25,24.56854248,10/03/2023 14:25,24.46215989
10/03/2023 14:30,24.56854248,10/03/2023 14:30,24.46584304
10/03/2023 14:35,24.56854248,10/03/2023 14:35,24.4695575
10/03/2023 14:40,24.56854248,10/03/2023 14:40,24.47327578
10/03/2023 14:45,24.56854248,10/03/2023 14:45,24.47696891
10/03/2023 14:50,24.56854248,10/03/2023 14:50,24.48060662
10/03/2023 14:55,24.56854248,10/03/2023 14:55,24.48415761
10/03/2023 15:00,24.56854248,10/03/2023 15:00,24.48758978
10/03/2023 15:05,24.56854248,10/03/2023 15:05,24.49087052
10/03/2023 15:10,24.56854248,10/03/2023 15:10,24.49396694
10/03/2023 15:15,24.56854248,10/03/2023 15:15,24.49684612
10/03/2023 15:20,24.56854248,10/03/2023 15:20,24.49947543
10/03/2023 15:25,24.56854248,10/03/2023 15:25,24.50182274
10/03/2023 15:30,24.56854248,10/03/2023 15:30,24.5038567
10/03/2023 15:35,24.56854248,10/03/2023 15:35,24.50554701
10/03/2023 15:40,24.56854248,10/03/2023 15:40,24.50686464
10/03/2023 15:45,24.56854248,10/03/2023 15:45,24.50778211
10/03/2023 15:50,24.56854248,10/03/2023 15:50,24.50827366
10/03/2023 15:55,24.56854248,10/03/2023 15:55,24.50831554
10/03/2023 16:00,24.56854248,10/03/2023 16:00,24.50788616
10/03/2023 16:05,24.4188385,10/03/2023 16:05,24.50696629
10/03/2023 16:10,24.4188385,10/03/2023 16:10,24.50553925
10/03/2023 16:15,24.4188385,10/03/2023 16:15,24.50359105
10/03/2023 16:20,24.4188385,10/03/2023 16:20,24.50410692
10/03/2023 16:25,24.4188385,10/03/2023 16:25,24.50408224
10/03/2023 16:30,24.4188385,10/03/2023 16:30,24.50351182
10/03/2023 16:35,24.4188385,10/03/2023 16:35,24.50239359
10/03/2023 16:40,24.4188385,10/03/2023 16:40,24.50072862
10/03/2023 16:45,24.4188385,10/03/2023 16:45,24.49852118
10/03/2023 16:50,24.4188385,10/03/2023 16:50,24.49577874
10/03/2023 16:55,24.4188385,10/03/2023 16:55,24.49251194
10/03/2023 17:00,24.4188385,10/03/2023 17:00,24.48873454
10/03/2023 17:05,24.4188385,10/03/2023 17:05,24.48446339
10/03/2023 17:10,24.4188385,10/03/2023 17:10,24.47971834
10/03/2023 17:15,24.4188385,10/03/2023 17:15,24.47452211
10/03/2023 17:20,24.4188385,10/03/2023 17:20,24.46890018
10/03/2023 17:25,24.4188385,10/03/2023 17:25,24.46288067
10/03/2023 17:30,24.4188385,10/03/2023 17:30,24.45649413
10/03/2023 17:35,24.4188385,10/03/2023 17:35,24.4497734
10/03/2023 17:40,24.4188385,10/03/2023 17:40,24.44275339
10/03/2023 17:45,24.4188385,10/03/2023 17:45,24.4354709
10/03/2023 17:50,24.4188385,10/03/2023 17:50,24.42796436
10/03/2023 17:55,24.4188385,10/03/2023 17:55,24.42027362
10/03/2023 18:00,24.4188385,10/03/2023 18:00,24.41243972
10/03/2023 18:05,24.4188385,10/03/2023 18:05,24.40450461
10/03/2023 18:10,24.4188385,10/03/2023 18:10,24.39651089
10/03/2023 18:15,24.4188385,10/03/2023 18:15,24.3885016
10/03/2023 18:20,24.4188385,10/03/2023 18:20,24.38051991
10/03/2023 18:25,24.4188385,10/03/2023 18:25,24.37260885
10/03/2023 18:30,24.4188385,10/03/2023 18:30,24.36481111
10/03/2023 18:35,24.27018356,10/03/2023 18:35,24.35716872
10/03/2023 18:40,24.27018356,10/03/2023 18:40,24.34972282
10/03/2023 18:45,24.27018356,10/03/2023 18:45,24.34251344
10/03/2023 18:50,24.27018356,10/03/2023 18:50,24.33557921
10/03/2023 18:55,24.27018356,10/03/2023 18:55,24.32895719
10/03/2023 19:00,24.27018356,10/03/2023 19:00,24.32268262
10/03/2023 19:05,24.27018356,10/03/2023 19:05,24.31678875
10/03/2023 19:10,24.27018356,10/03/2023 19:10,24.31130661
10/03/2023 19:15,24.27018356,10/03/2023 19:15,24.30626489
10/03/2023 19:20,24.27018356,10/03/2023 19:20,24.30168977
10/03/2023 19:25,24.27018356,10/03/2023 19:25,24.29760476
10/03/2023 19:30,24.27018356,10/03/2023 19:30,24.2870475
10/03/2023 19:35,24.27018356,10/03/2023 19:35,24.27701903
10/03/2023 19:40,24.27018356,10/03/2023 19:40,24.26753433
10/03/2023 19:45,24.27018356,10/03/2023 19:45,24.25860541
10/03/2023 19:50,24.27018356,10/03/2023 19:50,24.25024124
10/03/2023 19:55,24.27018356,10/03/2023 19:55,24.24244778
10/03/2023 20:00,24.27018356,10/03/2023 20:00,24.23522796
10/03/2023 20:05,24.27018356,10/03/2023 20:05,24.22858171
10/03/2023 20:10,24.27018356,10/03/2023 20:10,24.22250606
10/03/2023 20:15,24.27018356,10/03/2023 20:15,24.21699512
10/03/2023 20:20,24.27018356,10/03/2023 20:20,24.21204024
10/03/2023 20:25,24.27018356,10/03/2023 20:25,24.2076301
10/03/2023 20:30,24.27018356,10/03/2023 20:30,24.20375082
10/03/2023 20:35,24.27018356,10/03/2023 20:35,24.2003861
10/03/2023 20:40,24.27018356,10/03/2023 20:40,24.19751739
10/03/2023 20:45,24.27018356,10/03/2023 20:45,24.19512405
10/03/2023 20:50,24.27018356,10/03/2023 20:50,24.19318352
10/03/2023 20:55,24.27018356,10/03/2023 20:55,24.19167153
10/03/2023 21:00,24.27018356,10/03/2023 21:00,24.19056229
10/03/2023 21:05,24.27018356,10/03/2023 21:05,24.18982868
10/03/2023 21:10,24.27018356,10/03/2023 21:10,24.18944251
10/03/2023 21:15,24.27018356,10/03/2023 21:15,24.1893747
10/03/2023 21:20,24.27018356,10/03/2023 21:20,24.18959548
10/03/2023 21:25,24.27018356,10/03/2023 21:25,24.19007468
10/03/2023 21:30,24.27018356,10/03/2023 21:30,24.19078188
10/03/2023 21:35,24.27018356,10/03/2023 21:35,24.19168668
10/03/2023 21:40,24.27018356,10/03/2023 21:40,24.19275885
10/03/2023 21:45,24.27018356,10/03/2023 21:45,24.19396861
10/03/2023 21:50,24.27018356,10/03/2023 21:50,24.19528679
10/03/2023 21:55,24.27018356,10/03/2023 21:55,24.19668499
10/03/2023 22:00,24.27018356,10/03/2023 22:00,24.19813583
10/03/2023 22:05,24.27018356,10/03/2023 22:05,24.19961307
10/03/2023 22:10,24.27018356,10/03/2023 22:10,24.20109175
10/03/2023 22:15,24.27018356,10/03/2023 22:15,24.20254839
10/03/2023 22:20,24.27018356,10/03/2023 22:20,24.20396106
10/03/2023 22:25,24.27018356,10/03/2023 22:25,24.20530952
10/03/2023 22:30,24.27018356,10/03/2023 22:30,24.2065753
10/03/2023 22:35,24.27018356,10/03/2023 22:35,24.20774179
10/03/2023 22:40,24.27018356,10/03/2023 22:40,24.20879429
10/03/2023 22:45,24.27018356,10/03/2023 22:45,24.20972003
10/03/2023 22:50,24.27018356,10/03/2023 22:50,24.21050822
10/03/2023 22:55,24.27018356,10/03/2023 22:55,24.21115005
10/03/2023 23:00,24.27018356,10/03/2023 23:00,24.21163867
10/03/2023 23:05,24.12126541,10/03/2023 23:05,24.21196918
10/03/2023 23:10,24.12126541,10/03/2023 23:10,24.21213856
10/03/2023 23:15,24.12126541,10/03/2023 23:15,24.21214559
10/03/2023 23:20,24.12126541,10/03/2023 23:20,24.21199084
10/03/2023 23:25,24.12126541,10/03/2023 23:25,24.21167648
10/03/2023 23:30,24.12126541,10/03/2023 23:30,24.21120626
10/03/2023 23:35,24.12126541,10/03/2023 23:35,24.21058533
10/03/2023 23:40,24.12126541,10/03/2023 23:40,24.20982013
10/03/2023 23:45,24.12126541,10/03/2023 23:45,24.20891825
10/03/2023 23:50,23.97194099,10/03/2023 23:50,24.20788825
10/03/2023 23:55,23.97194099,10/03/2023 23:55,24.20673955
11/03/2023 0:00,23.97194099,11/03/2023 0:00,24.20548224
11/03/2023 0:05,23.97194099,11/03/2023 0:05,24.20412687
11/03/2023 0:10,23.97194099,11/03/2023 0:10,24.20268434
11/03/2023 0:15,24.12076569,11/03/2023 0:15,24.20116571
11/03/2023 0:20,24.12076569,11/03/2023 0:20,24.19958198
11/03/2023 0:25,24.12076569,11/03/2023 0:25,24.197944
11/03/2023 0:30,24.12076569,11/03/2023 0:30,24.1962622
11/03/2023 0:35,24.12076569,11/03/2023 0:35,24.19454653
11/03/2023 0:40,24.12076569,11/03/2023 0:40,24.19280623
11/03/2023 0:45,24.12076569,11/03/2023 0:45,24.19104969
11/03/2023 0:50,24.12076569,11/03/2023 0:50,24.18928436
11/03/2023 0:55,24.12076569,11/03/2023 0:55,24.18751655
11/03/2023 1:00,24.12076569,11/03/2023 1:00,24.18575137
11/03/2023 1:05,24.12076569,11/03/2023 1:05,24.1839926
11/03/2023 1:10,24.12076569,11/03/2023 1:10,24.18224259
11/03/2023 1:15,24.12076569,11/03/2023 1:15,24.18050221
11/03/2023 1:20,24.12076569,11/03/2023 1:20,24.17877077
11/03/2023 1:25,24.12076569,11/03/2023 1:25,24.177046
11/03/2023 1:30,24.12076569,11/03/2023 1:30,24.17532398
11/03/2023 1:35,24.26992035,11/03/2023 1:35,24.17359918
11/03/2023 1:40,24.26992035,11/03/2023 1:40,24.17186444
11/03/2023 1:45,24.26992035,11/03/2023 1:45,24.170111
11/03/2023 1:50,24.26992035,11/03/2023 1:50,24.16832853
11/03/2023 1:55,24.26992035,11/03/2023 1:55,24.17498992
11/03/2023 2:00,24.26992035,11/03/2023 2:00,24.18159724
11/03/2023 2:05,24.26992035,11/03/2023 2:05,24.18813591
11/03/2023 2:10,24.26992035,11/03/2023 2:10,24.19459016
11/03/2023 2:15,24.26992035,11/03/2023 2:15,24.2009431
11/03/2023 2:20,24.26992035,11/03/2023 2:20,24.20717688
11/03/2023 2:25,24.26992035,11/03/2023 2:25,24.21327284
11/03/2023 2:30,24.26992035,11/03/2023 2:30,24.21921167
11/03/2023 2:35,24.26992035,11/03/2023 2:35,24.22497358
11/03/2023 2:40,24.26992035,11/03/2023 2:40,24.23053849
11/03/2023 2:45,24.26992035,11/03/2023 2:45,24.23588618
11/03/2023 2:50,24.26992035,11/03/2023 2:50,24.24099653
11/03/2023 2:55,24.26992035,11/03/2023 2:55,24.24584969
11/03/2023 3:00,24.26992035,11/03/2023 3:00,24.25042631
11/03/2023 3:05,24.26992035,11/03/2023 3:05,24.25470769
11/03/2023 3:10,24.26992035,11/03/2023 3:10,24.25867604
11/03/2023 3:15,24.26992035,11/03/2023 3:15,24.26231463
11/03/2023 3:20,24.26992035,11/03/2023 3:20,24.26560803
11/03/2023 3:25,24.26992035,11/03/2023 3:25,24.26854226
11/03/2023 3:30,24.26992035,11/03/2023 3:30,24.27110499
11/03/2023 3:35,24.26992035,11/03/2023 3:35,24.27328571
11/03/2023 3:40,24.26992035,11/03/2023 3:40,24.27507592
11/03/2023 3:45,24.26992035,11/03/2023 3:45,24.27646922
11/03/2023 3:50,24.26992035,11/03/2023 3:50,24.2774615
11/03/2023 3:55,24.26992035,11/03/2023 3:55,24.27805105
11/03/2023 4:00,24.26992035,11/03/2023 4:00,24.27823865
11/03/2023 4:05,24.26992035,11/03/2023 4:05,24.27802769
11/03/2023 4:10,24.26992035,11/03/2023 4:10,24.27742422
11/03/2023 4:15,24.26992035,11/03/2023 4:15,24.276437
11/03/2023 4:20,24.26992035,11/03/2023 4:20,24.27507756
11/03/2023 4:25,24.26992035,11/03/2023 4:25,24.27336018
11/03/2023 4:30,24.26992035,11/03/2023 4:30,24.27130191
11/03/2023 4:35,24.26992035,11/03/2023 4:35,24.26892254
11/03/2023 4:40,24.26992035,11/03/2023 4:40,24.26624455
11/03/2023 4:45,24.26992035,11/03/2023 4:45,24.26329302
11/03/2023 4:50,24.26992035,11/03/2023 4:50,24.26009559
11/03/2023 4:55,24.26992035,11/03/2023 4:55,24.25668229
11/03/2023 5:00,24.26992035,11/03/2023 5:00,24.25308547
11/03/2023 5:05,24.26992035,11/03/2023 5:05,24.2425479
11/03/2023 5:10,24.26992035,11/03/2023 5:10,24.23189778
11/03/2023 5:15,24.26992035,11/03/2023 5:15,24.22117337
11/03/2023 5:20,24.26992035,11/03/2023 5:20,24.21041455
11/03/2023 5:25,24.26992035,11/03/2023 5:25,24.19966261
11/03/2023 5:30,24.26992035,11/03/2023 5:30,24.18895996
11/03/2023 5:35,24.26992035,11/03/2023 5:35,24.17834999
11/03/2023 5:40,24.26992035,11/03/2023 5:40,24.16787674
11/03/2023 5:45,24.26992035,11/03/2023 5:45,24.15758469
11/03/2023 5:50,24.26992035,11/03/2023 5:50,24.14751847
11/03/2023 5:55,24.26992035,11/03/2023 5:55,24.13772264
11/03/2023 6:00,24.26992035,11/03/2023 6:00,24.12824134
11/03/2023 6:05,24.26992035,11/03/2023 6:05,24.11911811
11/03/2023 6:10,24.26992035,11/03/2023 6:10,24.11039554
11/03/2023 6:15,24.12099075,11/03/2023 6:15,24.10211505
11/03/2023 6:20,24.12099075,11/03/2023 6:20,24.09431661
11/03/2023 6:25,24.12099075,11/03/2023 6:25,24.08703848
11/03/2023 6:30,24.12099075,11/03/2023 6:30,24.08031697
11/03/2023 6:35,24.12099075,11/03/2023 6:35,24.07418619
11/03/2023 6:40,24.12099075,11/03/2023 6:40,24.06867784
11/03/2023 6:45,23.97164154,11/03/2023 6:45,24.06382097
11/03/2023 6:50,23.97164154,11/03/2023 6:50,24.05964179
11/03/2023 6:55,23.97164154,11/03/2023 6:55,24.05616353
11/03/2023 7:00,23.97164154,11/03/2023 7:00,24.0534062
11/03/2023 7:05,23.97164154,11/03/2023 7:05,24.05138651
11/03/2023 7:10,23.97164154,11/03/2023 7:10,24.05011772
11/03/2023 7:15,23.97164154,11/03/2023 7:15,24.04960952
11/03/2023 7:20,23.97164154,11/03/2023 7:20,24.04986799
11/03/2023 7:25,23.97164154,11/03/2023 7:25,24.05089552
11/03/2023 7:30,23.97164154,11/03/2023 7:30,24.05269075
11/03/2023 7:35,23.97164154,11/03/2023 7:35,24.05524862
11/03/2023 7:40,23.97164154,11/03/2023 7:40,24.05856033
11/03/2023 7:45,23.97164154,11/03/2023 7:45,24.06261339
11/03/2023 7:50,23.97164154,11/03/2023 7:50,24.0673917
11/03/2023 7:55,23.97164154,11/03/2023 7:55,24.07287561
11/03/2023 8:00,23.97164154,11/03/2023 8:00,24.07904204
11/03/2023 8:05,23.97164154,11/03/2023 8:05,24.08586462
11/03/2023 8:10,23.97164154,11/03/2023 8:10,24.09331382
11/03/2023 8:15,23.97164154,11/03/2023 8:15,24.10135711
11/03/2023 8:20,23.97164154,11/03/2023 8:20,24.10995921
11/03/2023 8:25,23.97164154,11/03/2023 8:25,24.11908224
11/03/2023 8:30,24.12024307,11/03/2023 8:30,24.12868596
11/03/2023 8:35,24.12024307,11/03/2023 8:35,24.13872802
11/03/2023 8:40,24.12024307,11/03/2023 8:40,24.14916422
11/03/2023 8:45,24.12024307,11/03/2023 8:45,24.15994877
11/03/2023 8:50,24.26878166,11/03/2023 8:50,24.17103454
11/03/2023 8:55,24.26878166,11/03/2023 8:55,24.1823734
11/03/2023 9:00,24.26878166,11/03/2023 9:00,24.19391645
11/03/2023 9:05,24.26878166,11/03/2023 9:05,24.20561437
11/03/2023 9:10,24.26878166,11/03/2023 9:10,24.21741766
11/03/2023 9:15,24.26878166,11/03/2023 9:15,24.22927698
11/03/2023 9:20,24.26878166,11/03/2023 9:20,24.24114345
11/03/2023 9:25,24.26878166,11/03/2023 9:25,24.2529689
11/03/2023 9:30,24.26878166,11/03/2023 9:30,24.26470618
11/03/2023 9:35,24.26878166,11/03/2023 9:35,24.27630944
11/03/2023 9:40,24.26878166,11/03/2023 9:40,24.28773437
11/03/2023 9:45,24.26878166,11/03/2023 9:45,24.29893852
11/03/2023 9:50,24.41791153,11/03/2023 9:50,24.30988146
11/03/2023 9:55,24.41791153,11/03/2023 9:55,24.32052504
11/03/2023 10:00,24.41791153,11/03/2023 10:00,24.33083364
11/03/2023 10:05,24.41791153,11/03/2023 10:05,24.34077428
11/03/2023 10:10,24.41791153,11/03/2023 10:10,24.35031688
11/03/2023 10:15,24.41791153,11/03/2023 10:15,24.35943433
11/03/2023 10:20,24.41791153,11/03/2023 10:20,24.36810269
11/03/2023 10:25,24.41791153,11/03/2023 10:25,24.37630125
11/03/2023 10:30,24.41791153,11/03/2023 10:30,24.38401262
11/03/2023 10:35,24.41791153,11/03/2023 10:35,24.39122283
11/03/2023 10:40,24.41791153,11/03/2023 10:40,24.3979213
11/03/2023 10:45,24.41791153,11/03/2023 10:45,24.40410093
11/03/2023 10:50,24.41791153,11/03/2023 10:50,24.409758
11/03/2023 10:55,24.41791153,11/03/2023 10:55,24.41489223
11/03/2023 11:00,24.41791153,11/03/2023 11:00,24.41950663
11/03/2023 11:05,24.41791153,11/03/2023 11:05,24.42360748
11/03/2023 11:10,24.41791153,11/03/2023 11:10,24.4272042
11/03/2023 11:15,24.41791153,11/03/2023 11:15,24.43030922
11/03/2023 11:20,24.41791153,11/03/2023 11:20,24.43293784
11/03/2023 11:25,24.41791153,11/03/2023 11:25,24.43510806
11/03/2023 11:30,24.41791153,11/03/2023 11:30,24.4368404
11/03/2023 11:35,24.41791153,11/03/2023 11:35,24.43815767
11/03/2023 11:40,24.41791153,11/03/2023 11:40,24.43908479
11/03/2023 11:45,24.41791153,11/03/2023 11:45,24.43964856
11/03/2023 11:50,24.41791153,11/03/2023 11:50,24.43987735
11/03/2023 11:55,24.41791153,11/03/2023 11:55,24.43980095
11/03/2023 12:00,24.41791153,11/03/2023 12:00,24.43945022
11/03/2023 12:05,24.41791153,11/03/2023 12:05,24.43885686
11/03/2023 12:10,24.41791153,11/03/2023 12:10,24.43805313
11/03/2023 12:15,24.41791153,11/03/2023 12:15,24.43707161
11/03/2023 12:20,24.41791153,11/03/2023 12:20,24.43594486
11/03/2023 12:25,24.41791153,11/03/2023 12:25,24.4347052
11/03/2023 12:30,24.41791153,11/03/2023 12:30,24.43338442
11/03/2023 12:35,24.41791153,11/03/2023 12:35,24.43201352
11/03/2023 12:40,24.41791153,11/03/2023 12:40,24.43062248
11/03/2023 12:45,24.41791153,11/03/2023 12:45,24.42923995
11/03/2023 12:50,24.41791153,11/03/2023 12:50,24.42789309
11/03/2023 12:55,24.41791153,11/03/2023 12:55,24.42660731
11/03/2023 13:00,24.41791153,11/03/2023 13:00,24.42540608
11/03/2023 13:05,24.41791153,11/03/2023 13:05,24.42431072
11/03/2023 13:10,24.41791153,11/03/2023 13:10,24.42334024
11/03/2023 13:15,24.41791153,11/03/2023 13:15,24.42251122
11/03/2023 13:20,24.41791153,11/03/2023 13:20,24.4218376
11/03/2023 13:25,24.41791153,11/03/2023 13:25,24.42133065
11/03/2023 13:30,24.41791153,11/03/2023 13:30,24.42099883
11/03/2023 13:35,24.41791153,11/03/2023 13:35,24.42084775
11/03/2023 13:40,24.41791153,11/03/2023 13:40,24.42088009
11/03/2023 13:45,24.41791153,11/03/2023 13:45,24.42109563
11/03/2023 13:50,24.41791153,11/03/2023 13:50,24.4214912
11/03/2023 13:55,24.41791153,11/03/2023 13:55,24.42206075
11/03/2023 14:00,24.41791153,11/03/2023 14:00,24.42279534
11/03/2023 14:05,24.41791153,11/03/2023 14:05,24.42368329
11/03/2023 14:10,24.41791153,11/03/2023 14:10,24.4247102
11/03/2023 14:15,24.41791153,11/03/2023 14:15,24.4258591
11/03/2023 14:20,24.41791153,11/03/2023 14:20,24.42711059
11/03/2023 14:25,24.41791153,11/03/2023 14:25,24.42844294
11/03/2023 14:30,24.41791153,11/03/2023 14:30,24.42983236
11/03/2023 14:35,24.41791153,11/03/2023 14:35,24.43125307
11/03/2023 14:40,24.41791153,11/03/2023 14:40,24.43267762
11/03/2023 14:45,24.41791153,11/03/2023 14:45,24.43407701
11/03/2023 14:50,24.41791153,11/03/2023 14:50,24.43542098
11/03/2023 14:55,24.41791153,11/03/2023 14:55,24.43667822
11/03/2023 15:00,24.41791153,11/03/2023 15:00,24.43781666
11/03/2023 15:05,24.41791153,11/03/2023 15:05,24.43880366
11/03/2023 15:10,24.41791153,11/03/2023 15:10,24.43960634
11/03/2023 15:15,24.41791153,11/03/2023 15:15,24.44019178
11/03/2023 15:20,24.41791153,11/03/2023 15:20,24.44052735
11/03/2023 15:25,24.41791153,11/03/2023 15:25,24.44058092
11/03/2023 15:30,24.41791153,11/03/2023 15:30,24.44032114
11/03/2023 15:35,24.41791153,11/03/2023 15:35,24.43971771
11/03/2023 15:40,24.41791153,11/03/2023 15:40,24.4387416
11/03/2023 15:45,24.41791153,11/03/2023 15:45,24.43736533
11/03/2023 15:50,24.41791153,11/03/2023 15:50,24.43556314
11/03/2023 15:55,24.41791153,11/03/2023 15:55,24.43331129
11/03/2023 16:00,24.41791153,11/03/2023 16:00,24.43058816
11/03/2023 16:05,24.41791153,11/03/2023 16:05,24.42737455
11/03/2023 16:10,24.41791153,11/03/2023 16:10,24.42365378
11/03/2023 16:15,24.41791153,11/03/2023 16:15,24.41941183
11/03/2023 16:20,24.41791153,11/03/2023 16:20,24.41463757
11/03/2023 16:25,24.41791153,11/03/2023 16:25,24.40932275
11/03/2023 16:30,24.41791153,11/03/2023 16:30,24.40346219
11/03/2023 16:35,24.41791153,11/03/2023 16:35,24.39705381
11/03/2023 16:40,24.41791153,11/03/2023 16:40,24.39009871
11/03/2023 16:45,24.41791153,11/03/2023 16:45,24.38260113
11/03/2023 16:50,24.41791153,11/03/2023 16:50,24.37456856
11/03/2023 16:55,24.41791153,11/03/2023 16:55,24.36601161
11/03/2023 17:00,24.41791153,11/03/2023 17:00,24.35694407
11/03/2023 17:05,24.41791153,11/03/2023 17:05,24.34738279
11/03/2023 17:10,24.41791153,11/03/2023 17:10,24.3373476
11/03/2023 17:15,24.41791153,11/03/2023 17:15,24.32686123
11/03/2023 17:20,24.41791153,11/03/2023 17:20,24.31594916
11/03/2023 17:25,24.41791153,11/03/2023 17:25,24.30463951
11/03/2023 17:30,24.41791153,11/03/2023 17:30,24.29296283
11/03/2023 17:35,24.41791153,11/03/2023 17:35,24.28095196
11/03/2023 17:40,24.26862144,11/03/2023 17:40,24.26864181
11/03/2023 17:45,24.26862144,11/03/2023 17:45,24.25606918
11/03/2023 17:50,24.26862144,11/03/2023 17:50,24.2432725
11/03/2023 17:55,24.26862144,11/03/2023 17:55,24.23029163
11/03/2023 18:00,24.12008286,11/03/2023 18:00,24.21716759
11/03/2023 18:05,24.12008286,11/03/2023 18:05,24.20394234
11/03/2023 18:10,24.12008286,11/03/2023 18:10,24.19065848
11/03/2023 18:15,24.12008286,11/03/2023 18:15,24.17735906
11/03/2023 18:20,24.12008286,11/03/2023 18:20,24.16408722
11/03/2023 18:25,24.12008286,11/03/2023 18:25,24.15088603
11/03/2023 18:30,24.12008286,11/03/2023 18:30,24.13779815
11/03/2023 18:35,24.12008286,11/03/2023 18:35,24.12486562
11/03/2023 18:40,24.12008286,11/03/2023 18:40,24.11212958
11/03/2023 18:45,24.12008286,11/03/2023 18:45,24.09963006
11/03/2023 18:50,23.97055626,11/03/2023 18:50,24.08740569
11/03/2023 18:55,23.97055626,11/03/2023 18:55,24.07549353
11/03/2023 19:00,23.97055626,11/03/2023 19:00,24.06392882
11/03/2023 19:05,23.97055626,11/03/2023 19:05,24.05274481
11/03/2023 19:10,23.97055626,11/03/2023 19:10,24.04197253
11/03/2023 19:15,23.97055626,11/03/2023 19:15,24.03164068
11/03/2023 19:20,23.97055626,11/03/2023 19:20,24.02177541
11/03/2023 19:25,23.97055626,11/03/2023 19:25,24.01240027
11/03/2023 19:30,23.97055626,11/03/2023 19:30,24.00353601
11/03/2023 19:35,23.97055626,11/03/2023 19:35,23.99520054
11/03/2023 19:40,23.97055626,11/03/2023 19:40,23.98740885
11/03/2023 19:45,23.97055626,11/03/2023 19:45,23.98017293
11/03/2023 19:50,23.97055626,11/03/2023 19:50,23.97350177
11/03/2023 19:55,23.97055626,11/03/2023 19:55,23.96740131
11/03/2023 20:00,23.97055626,11/03/2023 20:00,23.96187449
11/03/2023 20:05,23.97055626,11/03/2023 20:05,23.95692125
11/03/2023 20:10,23.97055626,11/03/2023 20:10,23.95253859
11/03/2023 20:15,23.97055626,11/03/2023 20:15,23.94872066
11/03/2023 20:20,23.97055626,11/03/2023 20:20,23.94545878
11/03/2023 20:25,23.97055626,11/03/2023 20:25,23.94274165
11/03/2023 20:30,23.97055626,11/03/2023 20:30,23.94055537
11/03/2023 20:35,23.97055626,11/03/2023 20:35,23.93888366
11/03/2023 20:40,23.97055626,11/03/2023 20:40,23.93770795
11/03/2023 20:45,23.97055626,11/03/2023 20:45,23.93700761
11/03/2023 20:50,23.97055626,11/03/2023 20:50,23.93676008
11/03/2023 20:55,23.97055626,11/03/2023 20:55,23.9369411
11/03/2023 21:00,23.97055626,11/03/2023 21:00,23.93752486
11/03/2023 21:05,23.97055626,11/03/2023 21:05,23.93848425
11/03/2023 21:10,23.97055626,11/03/2023 21:10,23.93979109
11/03/2023 21:15,23.97055626,11/03/2023 21:15,23.94141627
11/03/2023 21:20,23.97055626,11/03/2023 21:20,23.94333006
11/03/2023 21:25,23.97055626,11/03/2023 21:25,23.94550227
11/03/2023 21:30,23.97055626,11/03/2023 21:30,23.94790247
11/03/2023 21:35,23.97055626,11/03/2023 21:35,23.95050027
11/03/2023 21:40,23.97055626,11/03/2023 21:40,23.95326545
11/03/2023 21:45,23.97055626,11/03/2023 21:45,23.95616821
11/03/2023 21:50,23.97055626,11/03/2023 21:50,23.95917939
11/03/2023 21:55,23.97055626,11/03/2023 21:55,23.9622706
11/03/2023 22:00,23.97055626,11/03/2023 22:00,23.96541444
11/03/2023 22:05,23.97055626,11/03/2023 22:05,23.96858468
11/03/2023 22:10,23.97055626,11/03/2023 22:10,23.97175636
11/03/2023 22:15,23.97055626,11/03/2023 22:15,23.97490601
11/03/2023 22:20,23.97055626,11/03/2023 22:20,23.97801168
11/03/2023 22:25,23.97055626,11/03/2023 22:25,23.98105315
11/03/2023 22:30,23.97055626,11/03/2023 22:30,23.98401193
11/03/2023 22:35,23.97055626,11/03/2023 22:35,23.98687142
11/03/2023 22:40,23.97055626,11/03/2023 22:40,23.9896169
11/03/2023 22:45,23.97055626,11/03/2023 22:45,23.99223562
11/03/2023 22:50,23.97055626,11/03/2023 22:50,23.99471678
11/03/2023 22:55,23.97055626,11/03/2023 22:55,23.99705158
11/03/2023 23:00,23.97055626,11/03/2023 23:00,23.99923318
11/03/2023 23:05,23.97055626,11/03/2023 23:05,24.00125667
11/03/2023 23:10,23.97055626,11/03/2023 23:10,24.00311902
11/03/2023 23:15,23.97055626,11/03/2023 23:15,24.00481903
11/03/2023 23:20,23.97055626,11/03/2023 23:20,24.00635725
11/03/2023 23:25,23.97055626,11/03/2023 23:25,24.00773587
11/03/2023 23:30,23.97055626,11/03/2023 23:30,24.00895862
11/03/2023 23:35,23.97055626,11/03/2023 23:35,24.01003067
11/03/2023 23:40,23.97055626,11/03/2023 23:40,24.01095844
11/03/2023 23:45,23.97055626,11/03/2023 23:45,24.01174953
11/03/2023 23:50,23.97055626,11/03/2023 23:50,24.01241251
11/03/2023 23:55,23.97055626,11/03/2023 23:55,24.01295679
12/03/2023 0:00,23.97055626,12/03/2023 0:00,24.01339245
12/03/2023 0:05,23.97055626,12/03/2023 0:05,24.01373005
12/03/2023 0:10,23.97055626,12/03/2023 0:10,24.0139805
12/03/2023 0:15,23.97055626,12/03/2023 0:15,24.01415484
12/03/2023 0:20,23.97055626,12/03/2023 0:20,24.0142641
12/03/2023 0:25,23.97055626,12/03/2023 0:25,24.01431909
12/03/2023 0:30,24.11933899,12/03/2023 0:30,24.01433027
12/03/2023 0:35,24.11933899,12/03/2023 0:35,24.01430757
12/03/2023 0:40,24.11933899,12/03/2023 0:40,24.01426024
12/03/2023 0:45,24.11933899,12/03/2023 0:45,24.01419668
12/03/2023 0:50,24.11933899,12/03/2023 0:50,24.01412433
12/03/2023 0:55,24.11933899,12/03/2023 0:55,24.01404949
12/03/2023 1:00,24.11933899,12/03/2023 1:00,24.01397729
,,12/03/2023 1:05,24.01391149
,,12/03/2023 1:10,24.01385446
,,12/03/2023 1:15,24.01380705
,,12/03/2023 1:20,24.01376859
,,12/03/2023 1:25,24.01373679
,,12/03/2023 1:30,24.01370775
,,12/03/2023 1:35,24.01367593
,,12/03/2023 1:40,24.01363417
,,12/03/2023 1:45,24.0135737
,,12/03/2023 1:50,24.01348421
,,12/03/2023 1:55,24.01335388
,,12/03/2023 2:00,24.01316948
,,12/03/2023 2:05,24.01291644
,,12/03/2023 2:10,24.01257897
,,12/03/2023 2:15,24.01214019
,,12/03/2023 2:20,24.01158225
,,12/03/2023 2:25,24.01088649
,,12/03/2023 2:30,24.01003361
,,12/03/2023 2:35,24.00900381
,,12/03/2023 2:40,24.007777
,,12/03/2023 2:45,24.00633297
,,12/03/2023 2:50,24.0046516
,,12/03/2023 2:55,24.00271305
,,12/03/2023 3:00,24.00049795
,,12/03/2023 3:05,23.99798761
,,12/03/2023 3:10,23.99516425
,,12/03/2023 3:15,23.99201112
,,12/03/2023 3:20,23.98851281
,,12/03/2023 3:25,23.98465532
,,12/03/2023 3:30,23.98042633
,,12/03/2023 3:35,23.97581534
,,12/03/2023 3:40,23.97081383
,,12/03/2023 3:45,23.96541541
,,12/03/2023 3:50,23.95961598
,,12/03/2023 3:55,23.95341381
,,12/03/2023 4:00,23.9468097
,,12/03/2023 4:05,23.93980702
,,12/03/2023 4:10,23.93241184
,,12/03/2023 4:15,23.9246329
,,12/03/2023 4:20,23.91648174
,,12/03/2023 4:25,23.90797264
,,12/03/2023 4:30,23.89912266
,,12/03/2023 4:35,23.88995158
,,12/03/2023 4:40,23.88048187
,,12/03/2023 4:45,23.87073862
,,12/03/2023 4:50,23.86074947
,,12/03/2023 4:55,23.85054445
,,12/03/2023 5:00,23.84015592
,,12/03/2023 5:05,23.82961835
,,12/03/2023 5:10,23.81896823
,,12/03/2023 5:15,23.80824382
,,12/03/2023 5:20,23.797485
,,12/03/2023 5:25,23.78673305
,,12/03/2023 5:30,23.77603041
,,12/03/2023 5:35,23.76542044
,,12/03/2023 5:40,23.75494719
,,12/03/2023 5:45,23.74465513
,,12/03/2023 5:50,23.73458892
,,12/03/2023 5:55,23.72479308
,,12/03/2023 6:00,23.71531179
,,12/03/2023 6:05,23.70618856
,,12/03/2023 6:10,23.69746599
,,12/03/2023 6:15,23.6891855
,,12/03/2023 6:20,23.68138706
,,12/03/2023 6:25,23.67410893
,,12/03/2023 6:30,23.66738742
,,12/03/2023 6:35,23.66125664
,,12/03/2023 6:40,23.65574829
,,12/03/2023 6:45,23.65089142
,,12/03/2023 6:50,23.64671224
,,12/03/2023 6:55,23.64323398
,,12/03/2023 7:00,23.64047665
,,12/03/2023 7:05,23.63845696
,,12/03/2023 7:10,23.63718816
,,12/03/2023 7:15,23.63667997
,,12/03/2023 7:20,23.63693844
,,12/03/2023 7:25,23.63796597
,,12/03/2023 7:30,23.6397612
,,12/03/2023 7:35,23.64231907
,,12/03/2023 7:40,23.64563078
,,12/03/2023 7:45,23.64968384
,,12/03/2023 7:50,23.65446215
,,12/03/2023 7:55,23.65994606
,,12/03/2023 8:00,23.66611249
,,12/03/2023 8:05,23.67293507
,,12/03/2023 8:10,23.68038426
,,12/03/2023 8:15,23.68842756
,,12/03/2023 8:20,23.69702966
,,12/03/2023 8:25,23.70615269
,,12/03/2023 8:30,23.71575641
,,12/03/2023 8:35,23.72579847
,,12/03/2023 8:40,23.73623467
,,12/03/2023 8:45,23.74701922
,,12/03/2023 8:50,23.75810499
,,12/03/2023 8:55,23.76944385
,,12/03/2023 9:00,23.7809869
,,12/03/2023 9:05,23.79268482
,,12/03/2023 9:10,23.80448811
,,12/03/2023 9:15,23.81634743
,,12/03/2023 9:20,23.8282139
,,12/03/2023 9:25,23.84003935
,,12/03/2023 9:30,23.85177663
,,12/03/2023 9:35,23.86337988
,,12/03/2023 9:40,23.87480482
,,12/03/2023 9:45,23.88600897
,,12/03/2023 9:50,23.8969519
,,12/03/2023 9:55,23.90759549
,,12/03/2023 10:00,23.91790409
,,12/03/2023 10:05,23.92784473
,,12/03/2023 10:10,23.93738733
,,12/03/2023 10:15,23.94650478
,,12/03/2023 10:20,23.95517314
,,12/03/2023 10:25,23.9633717
,,12/03/2023 10:30,23.97108307
,,12/03/2023 10:35,23.97829328
,,12/03/2023 10:40,23.98499175
,,12/03/2023 10:45,23.99117137
,,12/03/2023 10:50,23.99682845
,,12/03/2023 10:55,24.00196268
,,12/03/2023 11:00,24.00657708
,,12/03/2023 11:05,24.01067793
,,12/03/2023 11:10,24.01427465
,,12/03/2023 11:15,24.01737967
,,12/03/2023 11:20,24.02000829
,,12/03/2023 11:25,24.02217851
,,12/03/2023 11:30,24.02391085
,,12/03/2023 11:35,24.02522812
,,12/03/2023 11:40,24.02615524
,,12/03/2023 11:45,24.02671901
,,12/03/2023 11:50,24.0269478
,,12/03/2023 11:55,24.0268714
,,12/03/2023 12:00,24.02652067
,,12/03/2023 12:05,24.0259273
,,12/03/2023 12:10,24.02512358
,,12/03/2023 12:15,24.02414206
,,12/03/2023 12:20,24.02301531
,,12/03/2023 12:25,24.02177565
,,12/03/2023 12:30,24.02045487
,,12/03/2023 12:35,24.01908397
,,12/03/2023 12:40,24.01769293
,,12/03/2023 12:45,24.0163104
,,12/03/2023 12:50,24.01496354
,,12/03/2023 12:55,24.01367776
,,12/03/2023 13:00,24.01247653
,,12/03/2023 13:05,24.01138117
,,12/03/2023 13:10,24.01041069
,,12/03/2023 13:15,24.00958166
,,12/03/2023 13:20,24.00890805
,,12/03/2023 13:25,24.0084011
,,12/03/2023 13:30,24.00806928
,,12/03/2023 13:35,24.0079182
,,12/03/2023 13:40,24.00795054
,,12/03/2023 13:45,24.00816608
,,12/03/2023 13:50,24.00856165
,,12/03/2023 13:55,24.0091312
,,12/03/2023 14:00,24.00986579
,,12/03/2023 14:05,24.01075374
,,12/03/2023 14:10,24.01178065
,,12/03/2023 14:15,24.01292955
,,12/03/2023 14:20,24.01418104
,,12/03/2023 14:25,24.01551339
,,12/03/2023 14:30,24.01690281
,,12/03/2023 14:35,24.01832352
,,12/03/2023 14:40,24.01974807
,,12/03/2023 14:45,24.02114746
,,12/03/2023 14:50,24.02249143
,,12/03/2023 14:55,24.02374867
,,12/03/2023 15:00,24.02488711
,,12/03/2023 15:05,24.02587411
,,12/03/2023 15:10,24.02667679
,,12/03/2023 15:15,24.02726223
,,12/03/2023 15:20,24.0275978
,,12/03/2023 15:25,24.02765136
,,12/03/2023 15:30,24.02739159
,,12/03/2023 15:35,24.02678816
,,12/03/2023 15:40,24.02581205
,,12/03/2023 15:45,24.02443578
,,12/03/2023 15:50,24.02263359
,,12/03/2023 15:55,24.02038173
,,12/03/2023 16:00,24.01765861
,,12/03/2023 16:05,24.014445
,,12/03/2023 16:10,24.01072423
,,12/03/2023 16:15,24.00648228
,,12/03/2023 16:20,24.00170801
,,12/03/2023 16:25,23.99639319
,,12/03/2023 16:30,23.99053264
,,12/03/2023 16:35,23.98412426
,,12/03/2023 16:40,23.97716916
,,12/03/2023 16:45,23.96967158
,,12/03/2023 16:50,23.961639
,,12/03/2023 16:55,23.95308206
,,12/03/2023 17:00,23.94401452
,,12/03/2023 17:05,23.93445324
,,12/03/2023 17:10,23.92441805
,,12/03/2023 17:15,23.91393168
,,12/03/2023 17:20,23.90301961
,,12/03/2023 17:25,23.89170996
,,12/03/2023 17:30,23.88003328
,,12/03/2023 17:35,23.86802241
,,12/03/2023 17:40,23.85571226
