ts,DMC Building 1 Data Quality Tests Dup of AHU_04_B1 Return Air Temp,DMC Building 1 Data Quality Tests New-Point
2023-03-14T21:10:00+04:00 Dubai,24.269638061523438°C,33.13%
2023-03-14T21:15:00+04:00 Dubai,24.269638061523438°C,33.13%
2023-03-14T21:20:00+04:00 Dubai,24.269638061523438°C,33.13%
2023-03-14T21:25:00+04:00 Dubai,24.269638061523438°C,33.13%
2023-03-14T21:30:00+04:00 Dubai,24.269638061523438°C,33.13%
2023-03-14T21:35:00+04:00 Dubai,24.269638061523438°C,33.13%
2023-03-14T21:40:00+04:00 Dubai,24.269638061523438°C,33.13%
2023-03-14T21:45:00+04:00 Dubai,24.269638061523438°C,33.13%
2023-03-14T21:50:00+04:00 Dubai,24.269638061523438°C,33.13%
2023-03-14T21:55:00+04:00 Dubai,24.269638061523438°C,33.13%
2023-03-14T22:00:00+04:00 Dubai,24.269638061523438°C,33.13%
2023-03-14T22:05:00+04:00 Dubai,24.269638061523438°C,33.13%
2023-03-14T22:10:00+04:00 Dubai,24.269638061523438°C,33.13%
2023-03-14T22:15:00+04:00 Dubai,24.269638061523438°C,33.13%
2023-03-14T22:20:00+04:00 Dubai,24.269638061523438°C,33.13%
2023-03-14T22:25:00+04:00 Dubai,24.269638061523438°C,33.13%
2023-03-14T22:30:00+04:00 Dubai,24.269638061523438°C,33.13%
2023-03-14T22:35:00+04:00 Dubai,24.269638061523438°C,33.13%
2023-03-14T22:40:00+04:00 Dubai,24.121078491210938°C,33.13%
2023-03-14T22:45:00+04:00 Dubai,24.121078491210938°C,33.13%
2023-03-14T22:50:00+04:00 Dubai,24.121078491210938°C,33.13%
2023-03-14T22:55:00+04:00 Dubai,24.121078491210938°C,33.13%
2023-03-14T23:00:00+04:00 Dubai,24.121078491210938°C,33.13%
2023-03-14T23:05:00+04:00 Dubai,24.121078491210938°C,33.13%
2023-03-14T23:10:00+04:00 Dubai,24.121078491210938°C,33.13%
2023-03-14T23:15:00+04:00 Dubai,24.121078491210938°C,33.13%
2023-03-14T23:20:00+04:00 Dubai,24.121078491210938°C,33.13%
2023-03-14T23:25:00+04:00 Dubai,24.121078491210938°C,33.13%
2023-03-14T23:30:00+04:00 Dubai,24.121078491210938°C,33.13%
2023-03-14T23:35:00+04:00 Dubai,24.121078491210938°C,33.13%
2023-03-14T23:40:00+04:00 Dubai,24.121078491210938°C,33.13%
2023-03-14T23:45:00+04:00 Dubai,24.121078491210938°C,33.13%
2023-03-14T23:50:00+04:00 Dubai,24.121078491210938°C,33.13%
2023-03-14T23:55:00+04:00 Dubai,24.121078491210938°C,33.13%
2023-03-15T00:00:00+04:00 Dubai,24.121078491210938°C,0%
2023-03-15T00:05:00+04:00 Dubai,24.121078491210938°C,3.56%
2023-03-15T00:10:00+04:00 Dubai,24.121078491210938°C,25.68%
2023-03-15T00:15:00+04:00 Dubai,24.121078491210938°C,29.78%
2023-03-15T00:20:00+04:00 Dubai,24.121078491210938°C,32.08%
2023-03-15T00:25:00+04:00 Dubai,24.121078491210938°C,33.15%
2023-03-15T00:30:00+04:00 Dubai,24.121078491210938°C,35.76%
2023-03-15T00:35:00+04:00 Dubai,24.121078491210938°C,34.15%
2023-03-15T00:40:00+04:00 Dubai,24.121078491210938°C,34.15%
2023-03-15T00:45:00+04:00 Dubai,24.121078491210938°C,34.15%
2023-03-15T00:50:00+04:00 Dubai,24.121078491210938°C,34.15%
2023-03-15T00:55:00+04:00 Dubai,24.121078491210938°C,34.15%
2023-03-15T01:00:00+04:00 Dubai,24.121078491210938°C,34.15%
2023-03-15T01:05:00+04:00 Dubai,24.121078491210938°C,34.15%
2023-03-15T01:10:00+04:00 Dubai,24.121078491210938°C,34.15%
2023-03-15T01:15:00+04:00 Dubai,24.121078491210938°C,34.15%
2023-03-15T01:20:00+04:00 Dubai,24.121078491210938°C,34.15%
2023-03-15T01:25:00+04:00 Dubai,24.121078491210938°C,34.15%
2023-03-15T01:30:00+04:00 Dubai,24.121078491210938°C,34.15%
2023-03-15T01:35:00+04:00 Dubai,24.270965576171875°C,34.15%
2023-03-15T01:40:00+04:00 Dubai,24.270965576171875°C,34.15%
2023-03-15T01:45:00+04:00 Dubai,24.270965576171875°C,34.15%
2023-03-15T01:50:00+04:00 Dubai,24.270965576171875°C,34.15%
2023-03-15T01:55:00+04:00 Dubai,24.270965576171875°C,34.15%
2023-03-15T02:00:00+04:00 Dubai,24.270965576171875°C,34.15%
2023-03-15T02:05:00+04:00 Dubai,24.270965576171875°C,34.15%
2023-03-15T02:10:00+04:00 Dubai,24.270965576171875°C,34.15%
2023-03-15T02:15:00+04:00 Dubai,24.270965576171875°C,34.15%
2023-03-15T02:20:00+04:00 Dubai,24.270965576171875°C,34.15%
2023-03-15T02:25:00+04:00 Dubai,24.270965576171875°C,34.15%
2023-03-15T02:30:00+04:00 Dubai,24.270965576171875°C,34.15%
2023-03-15T02:35:00+04:00 Dubai,24.270965576171875°C,34.15%
2023-03-15T02:40:00+04:00 Dubai,24.270965576171875°C,34.15%
2023-03-15T02:45:00+04:00 Dubai,24.270965576171875°C,34.15%
2023-03-15T02:50:00+04:00 Dubai,24.270965576171875°C,34.15%
2023-03-15T02:55:00+04:00 Dubai,24.270965576171875°C,34.15%
2023-03-15T03:00:00+04:00 Dubai,24.270965576171875°C,34.15%
2023-03-15T03:05:00+04:00 Dubai,24.270965576171875°C,34.15%
2023-03-15T03:10:00+04:00 Dubai,24.121471405029297°C,34.15%
2023-03-15T03:15:00+04:00 Dubai,23.971323013305664°C,34.15%
2023-03-15T03:20:00+04:00 Dubai,23.822233200073242°C,34.15%
2023-03-15T03:25:00+04:00 Dubai,23.822233200073242°C,34.15%
2023-03-15T03:30:00+04:00 Dubai,23.822233200073242°C,34.15%
2023-03-15T03:35:00+04:00 Dubai,23.67237091064453°C,34.15%
2023-03-15T03:40:00+04:00 Dubai,23.67237091064453°C,34.15%
2023-03-15T03:45:00+04:00 Dubai,23.67237091064453°C,34.15%
2023-03-15T03:50:00+04:00 Dubai,23.523040771484375°C,34.15%
2023-03-15T03:55:00+04:00 Dubai,23.523040771484375°C,34.15%
2023-03-15T04:00:00+04:00 Dubai,23.523040771484375°C,34.15%
2023-03-15T04:05:00+04:00 Dubai,23.523040771484375°C,34.15%
2023-03-15T04:10:00+04:00 Dubai,23.523040771484375°C,34.15%
2023-03-15T04:15:00+04:00 Dubai,23.523040771484375°C,34.15%
2023-03-15T04:20:00+04:00 Dubai,23.373931884765625°C,34.15%
2023-03-15T04:25:00+04:00 Dubai,23.373931884765625°C,34.15%
2023-03-15T04:30:00+04:00 Dubai,23.373931884765625°C,34.15%
2023-03-15T04:35:00+04:00 Dubai,23.373931884765625°C,34.15%
2023-03-15T04:40:00+04:00 Dubai,23.373931884765625°C,34.15%
2023-03-15T04:45:00+04:00 Dubai,23.373931884765625°C,34.15%
2023-03-15T04:50:00+04:00 Dubai,23.373931884765625°C,34.15%
2023-03-15T04:55:00+04:00 Dubai,23.373931884765625°C,34.15%
2023-03-15T05:00:00+04:00 Dubai,23.373931884765625°C,34.15%
2023-03-15T05:05:00+04:00 Dubai,23.373931884765625°C,34.15%
2023-03-15T05:10:00+04:00 Dubai,23.373931884765625°C,34.15%
2023-03-15T05:15:00+04:00 Dubai,23.373931884765625°C,34.15%
2023-03-15T05:20:00+04:00 Dubai,23.373931884765625°C,34.15%
2023-03-15T05:25:00+04:00 Dubai,23.373931884765625°C,34.15%
2023-03-15T05:30:00+04:00 Dubai,23.373931884765625°C,34.15%
2023-03-15T05:35:00+04:00 Dubai,23.373931884765625°C,34.15%
2023-03-15T05:40:00+04:00 Dubai,23.373931884765625°C,34.15%
2023-03-15T05:45:00+04:00 Dubai,23.52307891845703°C,34.15%
2023-03-15T05:50:00+04:00 Dubai,23.52307891845703°C,34.15%
2023-03-15T05:55:00+04:00 Dubai,23.52307891845703°C,34.15%
2023-03-15T06:00:00+04:00 Dubai,23.52307891845703°C,34.15%
2023-03-15T06:05:00+04:00 Dubai,23.52307891845703°C,34.15%
2023-03-15T06:10:00+04:00 Dubai,23.52307891845703°C,34.15%
2023-03-15T06:15:00+04:00 Dubai,23.671649932861328°C,34.15%
2023-03-15T06:20:00+04:00 Dubai,23.671649932861328°C,34.15%
2023-03-15T06:25:00+04:00 Dubai,23.671649932861328°C,34.15%
2023-03-15T06:30:00+04:00 Dubai,23.671649932861328°C,34.15%
2023-03-15T06:35:00+04:00 Dubai,23.671649932861328°C,34.15%
2023-03-15T06:40:00+04:00 Dubai,23.82019805908203°C,34.15%
2023-03-15T06:45:00+04:00 Dubai,23.82019805908203°C,34.15%
2023-03-15T06:50:00+04:00 Dubai,23.82019805908203°C,34.15%
2023-03-15T06:55:00+04:00 Dubai,23.82019805908203°C,34.15%
2023-03-15T07:00:00+04:00 Dubai,23.82019805908203°C,34.15%
2023-03-15T07:05:00+04:00 Dubai,23.82019805908203°C,34.15%
2023-03-15T07:10:00+04:00 Dubai,23.82019805908203°C,34.15%
2023-03-15T07:15:00+04:00 Dubai,23.82019805908203°C,34.15%
2023-03-15T07:20:00+04:00 Dubai,23.82019805908203°C,34.15%
2023-03-15T07:25:00+04:00 Dubai,23.82019805908203°C,34.15%
2023-03-15T07:30:00+04:00 Dubai,23.82019805908203°C,34.15%
2023-03-15T07:35:00+04:00 Dubai,23.82019805908203°C,34.15%
2023-03-15T07:40:00+04:00 Dubai,23.82019805908203°C,34.15%
2023-03-15T07:45:00+04:00 Dubai,23.970203399658203°C,34.15%
2023-03-15T07:50:00+04:00 Dubai,23.970203399658203°C,34.15%
2023-03-15T07:55:00+04:00 Dubai,23.970203399658203°C,34.15%
2023-03-15T08:00:00+04:00 Dubai,23.970203399658203°C,34.15%
2023-03-15T08:05:00+04:00 Dubai,23.970203399658203°C,34.15%
2023-03-15T08:10:00+04:00 Dubai,24.119205474853516°C,34.15%
2023-03-15T08:15:00+04:00 Dubai,24.119205474853516°C,34.15%
2023-03-15T08:20:00+04:00 Dubai,24.119205474853516°C,34.15%
2023-03-15T08:25:00+04:00 Dubai,24.26778221130371°C,35.19%
2023-03-15T08:30:00+04:00 Dubai,24.26778221130371°C,35.19%
2023-03-15T08:35:00+04:00 Dubai,24.26778221130371°C,36.32%
2023-03-15T08:40:00+04:00 Dubai,24.26778221130371°C,37.42%
2023-03-15T08:45:00+04:00 Dubai,24.416704177856445°C,39.81%
2023-03-15T08:50:00+04:00 Dubai,24.416704177856445°C,39.22%
2023-03-15T08:55:00+04:00 Dubai,24.416704177856445°C,39.22%
2023-03-15T09:00:00+04:00 Dubai,24.416704177856445°C,39.22%
2023-03-15T09:05:00+04:00 Dubai,24.565509796142578°C,39.22%
2023-03-15T09:10:00+04:00 Dubai,24.565509796142578°C,39.22%
2023-03-15T09:15:00+04:00 Dubai,24.565509796142578°C,39.22%
2023-03-15T09:20:00+04:00 Dubai,24.565509796142578°C,39.22%
2023-03-15T09:25:00+04:00 Dubai,24.565509796142578°C,39.22%
2023-03-15T09:30:00+04:00 Dubai,24.565509796142578°C,39.22%
2023-03-15T09:35:00+04:00 Dubai,24.565509796142578°C,40.23%
2023-03-15T09:40:00+04:00 Dubai,24.565509796142578°C,41.51%
2023-03-15T09:45:00+04:00 Dubai,24.565509796142578°C,43.96%
2023-03-15T09:50:00+04:00 Dubai,24.565509796142578°C,43.81%
2023-03-15T09:55:00+04:00 Dubai,24.565509796142578°C,43.81%
2023-03-15T10:00:00+04:00 Dubai,24.565509796142578°C,43.81%
2023-03-15T10:05:00+04:00 Dubai,24.565509796142578°C,43.81%
2023-03-15T10:10:00+04:00 Dubai,24.565509796142578°C,71.34%
2023-03-15T10:15:00+04:00 Dubai,24.715896606445312°C,52.94%
2023-03-15T10:20:00+04:00 Dubai,24.715896606445312°C,52.94%
2023-03-15T10:25:00+04:00 Dubai,24.566255569458008°C,52.94%
2023-03-15T10:30:00+04:00 Dubai,24.566255569458008°C,64.45%
2023-03-15T10:35:00+04:00 Dubai,24.566255569458008°C,88.50%
2023-03-15T10:40:00+04:00 Dubai,24.566255569458008°C,66.93%
2023-03-15T10:45:00+04:00 Dubai,24.566255569458008°C,66.93%
2023-03-15T10:50:00+04:00 Dubai,24.566255569458008°C,66.93%
2023-03-15T10:55:00+04:00 Dubai,24.566255569458008°C,61.15%
2023-03-15T11:00:00+04:00 Dubai,24.566255569458008°C,58.61%
2023-03-15T11:05:00+04:00 Dubai,24.566255569458008°C,57.39%
2023-03-15T11:10:00+04:00 Dubai,24.566255569458008°C,56.36%
2023-03-15T11:15:00+04:00 Dubai,24.566255569458008°C,55.10%
2023-03-15T11:20:00+04:00 Dubai,24.566255569458008°C,55.10%
2023-03-15T11:25:00+04:00 Dubai,24.566255569458008°C,55.10%
2023-03-15T11:30:00+04:00 Dubai,24.566255569458008°C,55.10%
2023-03-15T11:35:00+04:00 Dubai,24.566255569458008°C,55.10%
2023-03-15T11:40:00+04:00 Dubai,24.71763801574707°C,80.76%
2023-03-15T11:45:00+04:00 Dubai,24.867053985595703°C,100%
2023-03-15T11:50:00+04:00 Dubai,25.16582489013672°C,100%
2023-03-15T11:55:00+04:00 Dubai,25.4643497467041°C,100%
2023-03-15T12:00:00+04:00 Dubai,25.614126205444336°C,100%
2023-03-15T12:05:00+04:00 Dubai,25.76412010192871°C,100%
2023-03-15T12:10:00+04:00 Dubai,25.612306594848633°C,100%
2023-03-15T12:15:00+04:00 Dubai,25.312612533569336°C,100%
2023-03-15T12:20:00+04:00 Dubai,25.162805557250977°C,98.79%
2023-03-15T12:25:00+04:00 Dubai,25.014190673828125°C,98.79%
2023-03-15T12:30:00+04:00 Dubai,24.863842010498047°C,98.79%
2023-03-15T12:35:00+04:00 Dubai,24.863842010498047°C,98.79%
2023-03-15T12:40:00+04:00 Dubai,24.71432876586914°C,98.79%
2023-03-15T12:45:00+04:00 Dubai,24.71432876586914°C,98.79%
2023-03-15T12:50:00+04:00 Dubai,24.71432876586914°C,98.79%
2023-03-15T12:55:00+04:00 Dubai,24.71432876586914°C,98.79%
2023-03-15T13:00:00+04:00 Dubai,24.565778732299805°C,98.79%
2023-03-15T13:05:00+04:00 Dubai,24.565778732299805°C,98.79%
2023-03-15T13:10:00+04:00 Dubai,24.565778732299805°C,98.79%
2023-03-15T13:15:00+04:00 Dubai,24.417030334472656°C,95.36%
2023-03-15T13:20:00+04:00 Dubai,24.417030334472656°C,91.99%
2023-03-15T13:25:00+04:00 Dubai,24.417030334472656°C,87.61%
2023-03-15T13:30:00+04:00 Dubai,24.268146514892578°C,86.50%
2023-03-15T13:35:00+04:00 Dubai,24.268146514892578°C,86.50%
2023-03-15T13:40:00+04:00 Dubai,24.268146514892578°C,82.86%
2023-03-15T13:45:00+04:00 Dubai,24.268146514892578°C,80.33%
2023-03-15T13:50:00+04:00 Dubai,24.119218826293945°C,75.22%
2023-03-15T13:55:00+04:00 Dubai,24.119218826293945°C,74.00%
2023-03-15T14:00:00+04:00 Dubai,24.119218826293945°C,72.96%
2023-03-15T14:05:00+04:00 Dubai,24.119218826293945°C,72.96%
2023-03-15T14:10:00+04:00 Dubai,24.119218826293945°C,
2023-03-15T14:15:00+04:00 Dubai,24.119218826293945°C,
2023-03-15T14:20:00+04:00 Dubai,24.119218826293945°C,
2023-03-15T14:25:00+04:00 Dubai,24.119218826293945°C,70.82%
2023-03-15T14:30:00+04:00 Dubai,24.119218826293945°C,70.82%
2023-03-15T14:35:00+04:00 Dubai,24.119218826293945°C,70.82%
2023-03-15T14:40:00+04:00 Dubai,24.119218826293945°C,70.82%
2023-03-15T14:45:00+04:00 Dubai,24.119218826293945°C,70.82%
2023-03-15T14:50:00+04:00 Dubai,24.119218826293945°C,69.76%
2023-03-15T14:55:00+04:00 Dubai,24.119218826293945°C,69.76%
2023-03-15T15:00:00+04:00 Dubai,24.119218826293945°C,69.76%
2023-03-15T15:05:00+04:00 Dubai,24.119218826293945°C,69.76%
2023-03-15T15:10:00+04:00 Dubai,24.119218826293945°C,69.76%
2023-03-15T15:15:00+04:00 Dubai,24.119218826293945°C,69.76%
2023-03-15T15:20:00+04:00 Dubai,24.119218826293945°C,69.76%
2023-03-15T15:25:00+04:00 Dubai,24.119218826293945°C,69.76%
2023-03-15T15:30:00+04:00 Dubai,24.119218826293945°C,69.76%
2023-03-15T15:35:00+04:00 Dubai,24.119218826293945°C,69.76%
2023-03-15T15:40:00+04:00 Dubai,24.119218826293945°C,69.76%
2023-03-15T15:45:00+04:00 Dubai,24.268239974975586°C,69.76%
2023-03-15T15:50:00+04:00 Dubai,24.268239974975586°C,69.76%
2023-03-15T15:55:00+04:00 Dubai,24.268239974975586°C,69.76%
2023-03-15T16:00:00+04:00 Dubai,24.268239974975586°C,69.76%
2023-03-15T16:05:00+04:00 Dubai,24.268239974975586°C,69.76%
2023-03-15T16:10:00+04:00 Dubai,24.268239974975586°C,69.76%
2023-03-15T16:15:00+04:00 Dubai,24.268239974975586°C,69.76%
2023-03-15T16:20:00+04:00 Dubai,24.268239974975586°C,69.76%
2023-03-15T16:25:00+04:00 Dubai,24.268239974975586°C,69.76%
2023-03-15T16:30:00+04:00 Dubai,24.268239974975586°C,69.76%
2023-03-15T16:35:00+04:00 Dubai,24.268239974975586°C,69.76%
2023-03-15T16:40:00+04:00 Dubai,24.268239974975586°C,69.76%
2023-03-15T16:45:00+04:00 Dubai,24.268239974975586°C,68.42%
2023-03-15T16:50:00+04:00 Dubai,24.268239974975586°C,67.11%
2023-03-15T16:55:00+04:00 Dubai,24.418100357055664°C,93.64%
2023-03-15T17:00:00+04:00 Dubai,24.567495346069336°C,99.07%
2023-03-15T17:05:00+04:00 Dubai,24.871063232421875°C,99.07%
2023-03-15T17:10:00+04:00 Dubai,25.174068450927734°C,99.07%
2023-03-15T17:15:00+04:00 Dubai,25.472055435180664°C,99.07%
2023-03-15T17:20:00+04:00 Dubai,25.62139129638672°C,99.07%
2023-03-15T17:25:00+04:00 Dubai,25.771434783935547°C,99.07%
2023-03-15T17:30:00+04:00 Dubai,25.92169952392578°C,99.07%
2023-03-15T17:35:00+04:00 Dubai,26.070833206176758°C,99.07%
2023-03-15T17:40:00+04:00 Dubai,26.219825744628906°C,99.07%
2023-03-15T17:45:00+04:00 Dubai,26.219825744628906°C,99.07%
2023-03-15T17:50:00+04:00 Dubai,26.369049072265625°C,99.07%
2023-03-15T17:55:00+04:00 Dubai,26.369049072265625°C,99.07%
2023-03-15T18:00:00+04:00 Dubai,26.369049072265625°C,99.07%
2023-03-15T18:05:00+04:00 Dubai,26.517732620239258°C,99.07%
2023-03-15T18:10:00+04:00 Dubai,26.517732620239258°C,99.07%
2023-03-15T18:15:00+04:00 Dubai,26.517732620239258°C,99.07%
2023-03-15T18:20:00+04:00 Dubai,26.517732620239258°C,99.07%
2023-03-15T18:25:00+04:00 Dubai,26.517732620239258°C,99.07%
2023-03-15T18:30:00+04:00 Dubai,26.517732620239258°C,99.07%
2023-03-15T18:35:00+04:00 Dubai,26.517732620239258°C,99.07%
2023-03-15T18:40:00+04:00 Dubai,26.517732620239258°C,99.07%
2023-03-15T18:45:00+04:00 Dubai,26.517732620239258°C,99.07%
2023-03-15T18:50:00+04:00 Dubai,26.517732620239258°C,99.07%
2023-03-15T18:55:00+04:00 Dubai,26.517732620239258°C,99.07%
2023-03-15T19:00:00+04:00 Dubai,26.517732620239258°C,99.07%
2023-03-15T19:05:00+04:00 Dubai,26.517732620239258°C,99.07%
2023-03-15T19:10:00+04:00 Dubai,26.517732620239258°C,99.07%
2023-03-15T19:15:00+04:00 Dubai,26.517732620239258°C,99.07%
2023-03-15T19:20:00+04:00 Dubai,26.517732620239258°C,99.07%
2023-03-15T19:25:00+04:00 Dubai,26.517732620239258°C,99.07%
2023-03-15T19:30:00+04:00 Dubai,26.517732620239258°C,99.07%
2023-03-15T19:35:00+04:00 Dubai,26.517732620239258°C,99.07%
2023-03-15T19:40:00+04:00 Dubai,26.517732620239258°C,99.07%
2023-03-15T19:45:00+04:00 Dubai,26.517732620239258°C,99.07%
2023-03-15T19:50:00+04:00 Dubai,26.517732620239258°C,99.07%
2023-03-15T19:55:00+04:00 Dubai,26.517732620239258°C,99.07%
2023-03-15T20:00:00+04:00 Dubai,26.517732620239258°C,99.07%
2023-03-15T20:05:00+04:00 Dubai,26.517732620239258°C,99.07%
2023-03-15T20:10:00+04:00 Dubai,26.517732620239258°C,99.07%
2023-03-15T20:15:00+04:00 Dubai,26.517732620239258°C,99.07%
2023-03-15T20:20:00+04:00 Dubai,26.517732620239258°C,99.07%
2023-03-15T20:25:00+04:00 Dubai,26.363826751708984°C,99.07%
2023-03-15T20:30:00+04:00 Dubai,25.909881591796875°C,99.07%
2023-03-15T20:35:00+04:00 Dubai,25.76069450378418°C,99.07%
2023-03-15T20:40:00+04:00 Dubai,25.76069450378418°C,99.07%
2023-03-15T20:45:00+04:00 Dubai,25.611831665039062°C,99.07%
2023-03-15T20:50:00+04:00 Dubai,25.463197708129883°C,99.07%
2023-03-15T20:55:00+04:00 Dubai,25.312463760375977°C,99.07%
2023-03-15T21:00:00+04:00 Dubai,25.16269302368164°C,99.07%
2023-03-15T21:05:00+04:00 Dubai,24.860565185546875°C,99.07%
2023-03-15T21:10:00+04:00 Dubai,24.71137046813965°C,99.07%
2023-03-15T21:15:00+04:00 Dubai,24.71137046813965°C,99.07%
2023-03-15T21:20:00+04:00 Dubai,24.560949325561523°C,95.09%
2023-03-15T21:25:00+04:00 Dubai,24.560949325561523°C,88.68%
2023-03-15T21:30:00+04:00 Dubai,24.560949325561523°C,81.25%
2023-03-15T21:35:00+04:00 Dubai,24.41126251220703°C,73.90%
2023-03-15T21:40:00+04:00 Dubai,24.41126251220703°C,68.05%
2023-03-15T21:45:00+04:00 Dubai,24.41126251220703°C,65.19%
2023-03-15T21:50:00+04:00 Dubai,24.41126251220703°C,58.39%
2023-03-15T21:55:00+04:00 Dubai,24.41126251220703°C,53.40%
2023-03-15T22:00:00+04:00 Dubai,24.41126251220703°C,49.27%
2023-03-15T22:05:00+04:00 Dubai,24.262693405151367°C,45.33%
2023-03-15T22:10:00+04:00 Dubai,24.262693405151367°C,41.70%
2023-03-15T22:15:00+04:00 Dubai,24.262693405151367°C,40.58%
2023-03-15T22:20:00+04:00 Dubai,24.112316131591797°C,37.09%
2023-03-15T22:25:00+04:00 Dubai,24.112316131591797°C,42.02%
2023-03-15T22:30:00+04:00 Dubai,24.112316131591797°C,42.02%
2023-03-15T22:35:00+04:00 Dubai,24.112316131591797°C,42.02%
2023-03-15T22:40:00+04:00 Dubai,24.112316131591797°C,40.96%
2023-03-15T22:45:00+04:00 Dubai,23.963497161865234°C,39.91%
2023-03-15T22:50:00+04:00 Dubai,23.963497161865234°C,39.91%
2023-03-15T22:55:00+04:00 Dubai,23.963497161865234°C,39.91%
2023-03-15T23:00:00+04:00 Dubai,23.963497161865234°C,38.77%
2023-03-15T23:05:00+04:00 Dubai,23.963497161865234°C,38.77%
2023-03-15T23:10:00+04:00 Dubai,23.963497161865234°C,38.77%
2023-03-15T23:15:00+04:00 Dubai,23.963497161865234°C,38.77%
2023-03-15T23:20:00+04:00 Dubai,23.963497161865234°C,37.55%
2023-03-15T23:25:00+04:00 Dubai,23.963497161865234°C,37.55%
2023-03-15T23:30:00+04:00 Dubai,23.963497161865234°C,37.55%
2023-03-15T23:35:00+04:00 Dubai,23.963497161865234°C,37.55%
2023-03-15T23:40:00+04:00 Dubai,23.963497161865234°C,37.55%
2023-03-15T23:45:00+04:00 Dubai,23.963497161865234°C,37.55%
2023-03-15T23:50:00+04:00 Dubai,23.963497161865234°C,37.55%
2023-03-15T23:55:00+04:00 Dubai,23.963497161865234°C,37.55%
2023-03-16T00:00:00+04:00 Dubai,23.814599990844727°C,0%
2023-03-16T00:05:00+04:00 Dubai,23.814599990844727°C,0%
2023-03-16T00:10:00+04:00 Dubai,23.814599990844727°C,27.54%
2023-03-16T00:15:00+04:00 Dubai,23.814599990844727°C,29.21%
2023-03-16T00:20:00+04:00 Dubai,23.814599990844727°C,33.09%
2023-03-16T00:25:00+04:00 Dubai,23.814599990844727°C,37.12%
2023-03-16T00:30:00+04:00 Dubai,23.814599990844727°C,35.42%
2023-03-16T00:35:00+04:00 Dubai,23.666053771972656°C,34.42%
2023-03-16T00:40:00+04:00 Dubai,23.666053771972656°C,35.57%
2023-03-16T00:45:00+04:00 Dubai,23.666053771972656°C,36.74%
2023-03-16T00:50:00+04:00 Dubai,23.666053771972656°C,37.93%
2023-03-16T00:55:00+04:00 Dubai,23.666053771972656°C,37.93%
2023-03-16T01:00:00+04:00 Dubai,23.666053771972656°C,38.95%
2023-03-16T01:05:00+04:00 Dubai,23.51654052734375°C,40.04%
2023-03-16T01:10:00+04:00 Dubai,23.51654052734375°C,40.04%
2023-03-16T01:15:00+04:00 Dubai,23.51654052734375°C,40.04%
2023-03-16T01:20:00+04:00 Dubai,23.51654052734375°C,40.04%
2023-03-16T01:25:00+04:00 Dubai,23.51654052734375°C,40.04%
2023-03-16T01:30:00+04:00 Dubai,23.51654052734375°C,40.04%
2023-03-16T01:35:00+04:00 Dubai,23.51654052734375°C,40.04%
2023-03-16T01:40:00+04:00 Dubai,23.51654052734375°C,40.04%
2023-03-16T01:45:00+04:00 Dubai,23.51654052734375°C,40.04%
2023-03-16T01:50:00+04:00 Dubai,23.51654052734375°C,40.04%
2023-03-16T01:55:00+04:00 Dubai,23.51654052734375°C,40.04%
2023-03-16T02:00:00+04:00 Dubai,23.51654052734375°C,40.04%
2023-03-16T02:05:00+04:00 Dubai,23.51654052734375°C,40.04%
2023-03-16T02:10:00+04:00 Dubai,23.51654052734375°C,40.04%
2023-03-16T02:15:00+04:00 Dubai,23.51654052734375°C,40.04%
2023-03-16T02:20:00+04:00 Dubai,23.51654052734375°C,40.04%
2023-03-16T02:25:00+04:00 Dubai,23.51654052734375°C,40.04%
2023-03-16T02:30:00+04:00 Dubai,23.51654052734375°C,40.04%
2023-03-16T02:35:00+04:00 Dubai,23.51654052734375°C,40.04%
2023-03-16T02:40:00+04:00 Dubai,23.51654052734375°C,40.04%
2023-03-16T02:45:00+04:00 Dubai,23.366987228393555°C,40.04%
2023-03-16T02:50:00+04:00 Dubai,23.366987228393555°C,40.04%
2023-03-16T02:55:00+04:00 Dubai,23.366987228393555°C,40.04%
2023-03-16T03:00:00+04:00 Dubai,23.366987228393555°C,40.04%
2023-03-16T03:05:00+04:00 Dubai,23.366987228393555°C,40.04%
2023-03-16T03:10:00+04:00 Dubai,23.366987228393555°C,40.04%
2023-03-16T03:15:00+04:00 Dubai,23.366987228393555°C,40.04%
2023-03-16T03:20:00+04:00 Dubai,23.366987228393555°C,40.04%
2023-03-16T03:25:00+04:00 Dubai,23.217947006225586°C,40.04%
2023-03-16T03:30:00+04:00 Dubai,23.217947006225586°C,40.04%
2023-03-16T03:35:00+04:00 Dubai,23.217947006225586°C,40.04%
2023-03-16T03:40:00+04:00 Dubai,23.217947006225586°C,40.04%
2023-03-16T03:45:00+04:00 Dubai,23.217947006225586°C,40.04%
2023-03-16T03:50:00+04:00 Dubai,23.217947006225586°C,40.04%
2023-03-16T03:55:00+04:00 Dubai,23.217947006225586°C,40.04%
2023-03-16T04:00:00+04:00 Dubai,23.217947006225586°C,40.04%
2023-03-16T04:05:00+04:00 Dubai,23.217947006225586°C,38.99%
2023-03-16T04:10:00+04:00 Dubai,23.217947006225586°C,37.83%
2023-03-16T04:15:00+04:00 Dubai,23.217947006225586°C,37.83%
2023-03-16T04:20:00+04:00 Dubai,23.06911849975586°C,37.83%
2023-03-16T04:25:00+04:00 Dubai,23.06911849975586°C,37.83%
2023-03-16T04:30:00+04:00 Dubai,23.06911849975586°C,36.57%
2023-03-16T04:35:00+04:00 Dubai,23.06911849975586°C,36.57%
2023-03-16T04:40:00+04:00 Dubai,23.06911849975586°C,36.57%
2023-03-16T04:45:00+04:00 Dubai,23.06911849975586°C,36.57%
2023-03-16T04:50:00+04:00 Dubai,23.06911849975586°C,36.57%
2023-03-16T04:55:00+04:00 Dubai,23.06911849975586°C,36.57%
2023-03-16T05:00:00+04:00 Dubai,23.06911849975586°C,36.57%
2023-03-16T05:05:00+04:00 Dubai,23.06911849975586°C,36.57%
2023-03-16T05:10:00+04:00 Dubai,23.06911849975586°C,36.57%
2023-03-16T05:15:00+04:00 Dubai,23.06911849975586°C,36.57%
2023-03-16T05:20:00+04:00 Dubai,23.06911849975586°C,36.57%
2023-03-16T05:25:00+04:00 Dubai,23.06911849975586°C,36.57%
2023-03-16T05:30:00+04:00 Dubai,23.06911849975586°C,36.57%
2023-03-16T05:35:00+04:00 Dubai,23.06911849975586°C,36.57%
2023-03-16T05:40:00+04:00 Dubai,23.06911849975586°C,36.57%
2023-03-16T05:45:00+04:00 Dubai,23.06911849975586°C,36.57%
2023-03-16T05:50:00+04:00 Dubai,23.220497131347656°C,36.57%
2023-03-16T05:55:00+04:00 Dubai,23.220497131347656°C,36.57%
2023-03-16T06:00:00+04:00 Dubai,23.220497131347656°C,36.57%
2023-03-16T06:05:00+04:00 Dubai,23.220497131347656°C,36.57%
2023-03-16T06:10:00+04:00 Dubai,23.220497131347656°C,36.57%
2023-03-16T06:15:00+04:00 Dubai,23.220497131347656°C,36.57%
2023-03-16T06:20:00+04:00 Dubai,23.220497131347656°C,36.57%
2023-03-16T06:25:00+04:00 Dubai,23.220497131347656°C,36.57%
2023-03-16T06:30:00+04:00 Dubai,23.220497131347656°C,36.57%
2023-03-16T06:35:00+04:00 Dubai,23.220497131347656°C,36.57%
2023-03-16T06:40:00+04:00 Dubai,23.220497131347656°C,35.44%
2023-03-16T06:45:00+04:00 Dubai,23.220497131347656°C,34.44%
2023-03-16T06:50:00+04:00 Dubai,23.220497131347656°C,34.44%
2023-03-16T06:55:00+04:00 Dubai,23.220497131347656°C,34.44%
2023-03-16T07:00:00+04:00 Dubai,23.220497131347656°C,34.44%
2023-03-16T07:05:00+04:00 Dubai,23.220497131347656°C,34.44%
2023-03-16T07:10:00+04:00 Dubai,23.36913299560547°C,34.44%
2023-03-16T07:15:00+04:00 Dubai,23.36913299560547°C,34.44%
2023-03-16T07:20:00+04:00 Dubai,23.36913299560547°C,34.44%
2023-03-16T07:25:00+04:00 Dubai,23.36913299560547°C,34.44%
2023-03-16T07:30:00+04:00 Dubai,23.36913299560547°C,34.44%
2023-03-16T07:35:00+04:00 Dubai,23.36913299560547°C,34.44%
2023-03-16T07:40:00+04:00 Dubai,23.36913299560547°C,34.44%
2023-03-16T07:45:00+04:00 Dubai,23.36913299560547°C,34.44%
2023-03-16T07:50:00+04:00 Dubai,23.5186710357666°C,34.44%
2023-03-16T07:55:00+04:00 Dubai,23.5186710357666°C,34.44%
2023-03-16T08:00:00+04:00 Dubai,23.5186710357666°C,34.44%
2023-03-16T08:05:00+04:00 Dubai,23.5186710357666°C,34.44%
2023-03-16T08:10:00+04:00 Dubai,23.5186710357666°C,34.44%
2023-03-16T08:15:00+04:00 Dubai,23.5186710357666°C,34.44%
2023-03-16T08:20:00+04:00 Dubai,23.66827392578125°C,34.44%
2023-03-16T08:25:00+04:00 Dubai,23.66827392578125°C,34.44%
2023-03-16T08:30:00+04:00 Dubai,23.66827392578125°C,34.44%
2023-03-16T08:35:00+04:00 Dubai,23.66827392578125°C,34.44%
2023-03-16T08:40:00+04:00 Dubai,23.66827392578125°C,34.44%
2023-03-16T08:45:00+04:00 Dubai,23.816946029663086°C,34.44%
2023-03-16T08:50:00+04:00 Dubai,23.816946029663086°C,34.44%
2023-03-16T08:55:00+04:00 Dubai,23.816946029663086°C,34.44%
2023-03-16T09:00:00+04:00 Dubai,23.816946029663086°C,34.44%
2023-03-16T09:05:00+04:00 Dubai,23.965648651123047°C,34.44%
2023-03-16T09:10:00+04:00 Dubai,23.965648651123047°C,34.44%
2023-03-16T09:15:00+04:00 Dubai,23.965648651123047°C,34.44%
2023-03-16T09:20:00+04:00 Dubai,24.114410400390625°C,34.44%
2023-03-16T09:25:00+04:00 Dubai,24.114410400390625°C,34.44%
2023-03-16T09:30:00+04:00 Dubai,24.114410400390625°C,35.58%
2023-03-16T09:35:00+04:00 Dubai,24.114410400390625°C,36.69%
2023-03-16T09:40:00+04:00 Dubai,24.114410400390625°C,39.49%
2023-03-16T09:45:00+04:00 Dubai,24.114410400390625°C,40.75%
2023-03-16T09:50:00+04:00 Dubai,24.262954711914062°C,43.05%
2023-03-16T09:55:00+04:00 Dubai,24.262954711914062°C,45.28%
2023-03-16T10:00:00+04:00 Dubai,24.262954711914062°C,42.62%
2023-03-16T10:05:00+04:00 Dubai,24.262954711914062°C,42.62%
2023-03-16T10:10:00+04:00 Dubai,24.262954711914062°C,42.62%
2023-03-16T10:15:00+04:00 Dubai,24.262954711914062°C,42.62%
2023-03-16T10:20:00+04:00 Dubai,24.262954711914062°C,42.62%
2023-03-16T10:25:00+04:00 Dubai,24.262954711914062°C,43.78%
2023-03-16T10:30:00+04:00 Dubai,24.262954711914062°C,44.94%
2023-03-16T10:35:00+04:00 Dubai,24.262954711914062°C,47.30%
2023-03-16T10:40:00+04:00 Dubai,24.262954711914062°C,48.32%
2023-03-16T10:45:00+04:00 Dubai,24.262954711914062°C,49.58%
2023-03-16T10:50:00+04:00 Dubai,24.262954711914062°C,48.02%
2023-03-16T10:55:00+04:00 Dubai,24.262954711914062°C,48.02%
2023-03-16T11:00:00+04:00 Dubai,24.262954711914062°C,48.02%
2023-03-16T11:05:00+04:00 Dubai,24.262954711914062°C,48.02%
2023-03-16T11:10:00+04:00 Dubai,24.262954711914062°C,48.02%
2023-03-16T11:15:00+04:00 Dubai,24.262954711914062°C,48.02%
2023-03-16T11:20:00+04:00 Dubai,24.262954711914062°C,48.02%
2023-03-16T11:25:00+04:00 Dubai,24.262954711914062°C,48.02%
2023-03-16T11:30:00+04:00 Dubai,24.262954711914062°C,48.02%
2023-03-16T11:35:00+04:00 Dubai,24.262954711914062°C,48.02%
2023-03-16T11:40:00+04:00 Dubai,24.262954711914062°C,48.02%
2023-03-16T11:45:00+04:00 Dubai,24.262954711914062°C,48.02%
2023-03-16T11:50:00+04:00 Dubai,24.262954711914062°C,48.02%
2023-03-16T11:55:00+04:00 Dubai,24.262954711914062°C,48.02%
2023-03-16T12:00:00+04:00 Dubai,24.262954711914062°C,48.02%
2023-03-16T12:05:00+04:00 Dubai,24.262954711914062°C,48.02%
2023-03-16T12:10:00+04:00 Dubai,24.262954711914062°C,48.02%
2023-03-16T12:15:00+04:00 Dubai,24.262954711914062°C,48.02%
2023-03-16T12:20:00+04:00 Dubai,24.262954711914062°C,48.02%
2023-03-16T12:25:00+04:00 Dubai,24.262954711914062°C,48.02%
2023-03-16T12:30:00+04:00 Dubai,24.262954711914062°C,48.02%
2023-03-16T12:35:00+04:00 Dubai,24.262954711914062°C,48.02%
2023-03-16T12:40:00+04:00 Dubai,24.262954711914062°C,48.02%
2023-03-16T12:45:00+04:00 Dubai,24.262954711914062°C,48.02%
2023-03-16T12:50:00+04:00 Dubai,24.262954711914062°C,46.96%
2023-03-16T12:55:00+04:00 Dubai,24.113571166992188°C,46.96%
2023-03-16T13:00:00+04:00 Dubai,24.113571166992188°C,46.96%
2023-03-16T13:05:00+04:00 Dubai,24.113571166992188°C,46.96%
2023-03-16T13:10:00+04:00 Dubai,24.113571166992188°C,46.96%
2023-03-16T13:15:00+04:00 Dubai,24.113571166992188°C,46.96%
2023-03-16T13:20:00+04:00 Dubai,24.113571166992188°C,46.96%
2023-03-16T13:25:00+04:00 Dubai,24.113571166992188°C,46.96%
2023-03-16T13:30:00+04:00 Dubai,24.113571166992188°C,46.96%
2023-03-16T13:35:00+04:00 Dubai,24.113571166992188°C,46.96%
2023-03-16T13:40:00+04:00 Dubai,24.113571166992188°C,82.13%
2023-03-16T13:45:00+04:00 Dubai,24.417722702026367°C,100%
2023-03-16T13:50:00+04:00 Dubai,24.71590232849121°C,100%
2023-03-16T13:55:00+04:00 Dubai,25.02009391784668°C,100%
2023-03-16T14:00:00+04:00 Dubai,25.31846809387207°C,100%
2023-03-16T14:05:00+04:00 Dubai,25.468997955322266°C,100%
2023-03-16T14:10:00+04:00 Dubai,25.770427703857422°C,100%
2023-03-16T14:15:00+04:00 Dubai,25.919937133789062°C,100%
2023-03-16T14:20:00+04:00 Dubai,26.070514678955078°C,100%
2023-03-16T14:25:00+04:00 Dubai,26.070514678955078°C,100%
2023-03-16T14:30:00+04:00 Dubai,26.219839096069336°C,100%
2023-03-16T14:35:00+04:00 Dubai,26.219839096069336°C,100%
2023-03-16T14:40:00+04:00 Dubai,25.92032814025879°C,100%
2023-03-16T14:45:00+04:00 Dubai,25.61832618713379°C,100%
2023-03-16T14:50:00+04:00 Dubai,25.318864822387695°C,100%
2023-03-16T14:55:00+04:00 Dubai,25.018253326416016°C,94.77%
2023-03-16T15:00:00+04:00 Dubai,24.8687686920166°C,78.42%
2023-03-16T15:05:00+04:00 Dubai,24.719324111938477°C,71.70%
2023-03-16T15:10:00+04:00 Dubai,24.57061767578125°C,65.29%
2023-03-16T15:15:00+04:00 Dubai,24.420089721679688°C,59.63%
2023-03-16T15:20:00+04:00 Dubai,24.420089721679688°C,56.01%
2023-03-16T15:25:00+04:00 Dubai,24.271224975585938°C,51.75%
2023-03-16T15:30:00+04:00 Dubai,24.271224975585938°C,47.87%
2023-03-16T15:35:00+04:00 Dubai,24.271224975585938°C,46.16%
2023-03-16T15:40:00+04:00 Dubai,24.271224975585938°C,43.87%
2023-03-16T15:45:00+04:00 Dubai,24.271224975585938°C,42.66%
2023-03-16T15:50:00+04:00 Dubai,24.12206268310547°C,42.66%
2023-03-16T15:55:00+04:00 Dubai,24.12206268310547°C,41.47%
2023-03-16T16:00:00+04:00 Dubai,24.12206268310547°C,40.41%
2023-03-16T16:05:00+04:00 Dubai,24.12206268310547°C,40.41%
2023-03-16T16:10:00+04:00 Dubai,24.12206268310547°C,38.94%
2023-03-16T16:15:00+04:00 Dubai,24.12206268310547°C,40.12%
2023-03-16T16:20:00+04:00 Dubai,24.12206268310547°C,40.12%
2023-03-16T16:25:00+04:00 Dubai,24.12206268310547°C,40.12%
2023-03-16T16:30:00+04:00 Dubai,24.12206268310547°C,40.12%
2023-03-16T16:35:00+04:00 Dubai,24.12206268310547°C,40.12%
2023-03-16T16:40:00+04:00 Dubai,24.12206268310547°C,40.12%
2023-03-16T16:45:00+04:00 Dubai,24.12206268310547°C,40.12%
2023-03-16T16:50:00+04:00 Dubai,24.12206268310547°C,40.12%
2023-03-16T16:55:00+04:00 Dubai,24.12206268310547°C,40.12%
2023-03-16T17:00:00+04:00 Dubai,24.12206268310547°C,40.12%
2023-03-16T17:05:00+04:00 Dubai,24.12206268310547°C,40.12%
2023-03-16T17:10:00+04:00 Dubai,24.12206268310547°C,40.12%
2023-03-16T17:15:00+04:00 Dubai,24.12206268310547°C,40.12%
2023-03-16T17:20:00+04:00 Dubai,24.12206268310547°C,40.12%
2023-03-16T17:25:00+04:00 Dubai,24.12206268310547°C,40.12%
2023-03-16T17:30:00+04:00 Dubai,24.12206268310547°C,40.12%
2023-03-16T17:35:00+04:00 Dubai,24.12206268310547°C,40.12%
2023-03-16T17:40:00+04:00 Dubai,24.12206268310547°C,40.12%
2023-03-16T17:45:00+04:00 Dubai,24.12206268310547°C,40.12%
2023-03-16T17:50:00+04:00 Dubai,24.12206268310547°C,40.12%
2023-03-16T17:55:00+04:00 Dubai,24.12206268310547°C,40.12%
2023-03-16T18:00:00+04:00 Dubai,24.12206268310547°C,40.12%
2023-03-16T18:05:00+04:00 Dubai,24.12206268310547°C,40.12%
2023-03-16T18:10:00+04:00 Dubai,23.97250747680664°C,40.12%
2023-03-16T18:15:00+04:00 Dubai,23.97250747680664°C,40.12%
2023-03-16T18:20:00+04:00 Dubai,23.97250747680664°C,40.12%
2023-03-16T18:25:00+04:00 Dubai,23.97250747680664°C,40.12%
2023-03-16T18:30:00+04:00 Dubai,23.97250747680664°C,40.12%
2023-03-16T18:35:00+04:00 Dubai,23.97250747680664°C,40.12%
2023-03-16T18:40:00+04:00 Dubai,23.97250747680664°C,40.12%
2023-03-16T18:45:00+04:00 Dubai,23.97250747680664°C,40.12%
2023-03-16T18:50:00+04:00 Dubai,23.97250747680664°C,40.12%
2023-03-16T18:55:00+04:00 Dubai,23.97250747680664°C,40.12%
2023-03-16T19:00:00+04:00 Dubai,23.97250747680664°C,40.12%
2023-03-16T19:05:00+04:00 Dubai,23.97250747680664°C,40.12%
2023-03-16T19:10:00+04:00 Dubai,23.97250747680664°C,40.12%
2023-03-16T19:15:00+04:00 Dubai,23.97250747680664°C,40.12%
2023-03-16T19:20:00+04:00 Dubai,23.97250747680664°C,40.12%
2023-03-16T19:25:00+04:00 Dubai,23.97250747680664°C,40.12%
2023-03-16T19:30:00+04:00 Dubai,23.97250747680664°C,40.12%
2023-03-16T19:35:00+04:00 Dubai,23.97250747680664°C,40.12%
2023-03-16T19:40:00+04:00 Dubai,23.97250747680664°C,40.12%
2023-03-16T19:45:00+04:00 Dubai,23.97250747680664°C,40.12%
2023-03-16T19:50:00+04:00 Dubai,23.97250747680664°C,40.12%
2023-03-16T19:55:00+04:00 Dubai,23.97250747680664°C,40.12%
2023-03-16T20:00:00+04:00 Dubai,23.97250747680664°C,40.12%
2023-03-16T20:05:00+04:00 Dubai,23.97250747680664°C,40.12%
2023-03-16T20:10:00+04:00 Dubai,23.97250747680664°C,40.12%
2023-03-16T20:15:00+04:00 Dubai,23.97250747680664°C,40.12%
2023-03-16T20:20:00+04:00 Dubai,23.97250747680664°C,40.12%
2023-03-16T20:25:00+04:00 Dubai,23.97250747680664°C,40.12%
2023-03-16T20:30:00+04:00 Dubai,23.97250747680664°C,40.12%
2023-03-16T20:35:00+04:00 Dubai,23.97250747680664°C,40.12%
2023-03-16T20:40:00+04:00 Dubai,23.97250747680664°C,40.12%
2023-03-16T20:45:00+04:00 Dubai,23.97250747680664°C,40.12%
2023-03-16T20:50:00+04:00 Dubai,23.97250747680664°C,40.12%
2023-03-16T20:55:00+04:00 Dubai,23.97250747680664°C,40.12%
2023-03-16T21:00:00+04:00 Dubai,23.97250747680664°C,40.12%
2023-03-16T21:05:00+04:00 Dubai,23.97250747680664°C,40.12%
2023-03-16T21:10:00+04:00 Dubai,23.97250747680664°C,40.12%
2023-03-16T21:15:00+04:00 Dubai,23.97250747680664°C,40.12%
2023-03-16T21:20:00+04:00 Dubai,23.97250747680664°C,40.12%
2023-03-16T21:25:00+04:00 Dubai,23.97250747680664°C,40.12%
2023-03-16T21:30:00+04:00 Dubai,23.97250747680664°C,40.12%
2023-03-16T21:35:00+04:00 Dubai,23.97250747680664°C,40.12%
2023-03-16T21:40:00+04:00 Dubai,23.97250747680664°C,40.12%
2023-03-16T21:45:00+04:00 Dubai,23.97250747680664°C,40.12%
2023-03-16T21:50:00+04:00 Dubai,23.97250747680664°C,40.12%
2023-03-16T21:55:00+04:00 Dubai,23.97250747680664°C,40.12%
2023-03-16T22:00:00+04:00 Dubai,23.97250747680664°C,40.12%
2023-03-16T22:05:00+04:00 Dubai,23.97250747680664°C,40.12%
2023-03-16T22:10:00+04:00 Dubai,23.97250747680664°C,40.12%
2023-03-16T22:15:00+04:00 Dubai,23.97250747680664°C,40.12%
2023-03-16T22:20:00+04:00 Dubai,23.97250747680664°C,40.12%
2023-03-16T22:25:00+04:00 Dubai,23.97250747680664°C,40.12%
2023-03-16T22:30:00+04:00 Dubai,23.97250747680664°C,40.12%
2023-03-16T22:35:00+04:00 Dubai,23.97250747680664°C,40.12%
2023-03-16T22:40:00+04:00 Dubai,23.97250747680664°C,40.12%
2023-03-16T22:45:00+04:00 Dubai,23.97250747680664°C,40.12%
2023-03-16T22:50:00+04:00 Dubai,23.97250747680664°C,40.12%
2023-03-16T22:55:00+04:00 Dubai,23.97250747680664°C,40.12%
2023-03-16T23:00:00+04:00 Dubai,23.97250747680664°C,40.12%
2023-03-16T23:05:00+04:00 Dubai,23.97250747680664°C,40.12%
2023-03-16T23:10:00+04:00 Dubai,23.97250747680664°C,40.12%
2023-03-16T23:15:00+04:00 Dubai,23.97250747680664°C,40.12%
2023-03-16T23:20:00+04:00 Dubai,23.97250747680664°C,40.12%
2023-03-16T23:25:00+04:00 Dubai,23.97250747680664°C,40.12%
2023-03-16T23:30:00+04:00 Dubai,23.97250747680664°C,40.12%
2023-03-16T23:35:00+04:00 Dubai,23.97250747680664°C,40.12%
2023-03-16T23:40:00+04:00 Dubai,23.97250747680664°C,40.12%
2023-03-16T23:45:00+04:00 Dubai,23.97250747680664°C,40.12%
2023-03-16T23:50:00+04:00 Dubai,23.97250747680664°C,40.12%
2023-03-16T23:55:00+04:00 Dubai,23.97250747680664°C,40.12%
2023-03-17T00:00:00+04:00 Dubai,23.82356834411621°C,6.52%
2023-03-17T00:05:00+04:00 Dubai,23.82356834411621°C,9.71%
2023-03-17T00:10:00+04:00 Dubai,23.82356834411621°C,28.42%
2023-03-17T00:15:00+04:00 Dubai,23.82356834411621°C,28.42%
2023-03-17T00:20:00+04:00 Dubai,23.673965454101562°C,29.52%
2023-03-17T00:25:00+04:00 Dubai,23.673965454101562°C,30.56%
2023-03-17T00:30:00+04:00 Dubai,23.673965454101562°C,30.56%
2023-03-17T00:35:00+04:00 Dubai,23.673965454101562°C,31.64%
2023-03-17T00:40:00+04:00 Dubai,23.673965454101562°C,32.70%
2023-03-17T00:45:00+04:00 Dubai,23.673965454101562°C,32.70%
2023-03-17T00:50:00+04:00 Dubai,23.673965454101562°C,33.76%
2023-03-17T00:55:00+04:00 Dubai,23.525390625°C,34.87%
2023-03-17T01:00:00+04:00 Dubai,23.525390625°C,34.87%
2023-03-17T01:05:00+04:00 Dubai,23.525390625°C,35.87%
2023-03-17T01:10:00+04:00 Dubai,23.525390625°C,36.87%
2023-03-17T01:15:00+04:00 Dubai,23.525390625°C,36.87%
2023-03-17T01:20:00+04:00 Dubai,23.525390625°C,36.87%
2023-03-17T01:25:00+04:00 Dubai,23.525390625°C,36.87%
2023-03-17T01:30:00+04:00 Dubai,23.525390625°C,36.87%
2023-03-17T01:35:00+04:00 Dubai,23.525390625°C,36.87%
2023-03-17T01:40:00+04:00 Dubai,23.525390625°C,36.87%
2023-03-17T01:45:00+04:00 Dubai,23.525390625°C,36.87%
2023-03-17T01:50:00+04:00 Dubai,23.525390625°C,36.87%
2023-03-17T01:55:00+04:00 Dubai,23.525390625°C,36.87%
2023-03-17T02:00:00+04:00 Dubai,23.525390625°C,36.87%
2023-03-17T02:05:00+04:00 Dubai,23.525390625°C,36.87%
2023-03-17T02:10:00+04:00 Dubai,23.525390625°C,36.87%
2023-03-17T02:15:00+04:00 Dubai,23.525390625°C,36.87%
2023-03-17T02:20:00+04:00 Dubai,23.525390625°C,36.87%
2023-03-17T02:25:00+04:00 Dubai,23.525390625°C,36.87%
2023-03-17T02:30:00+04:00 Dubai,23.376855850219727°C,36.87%
2023-03-17T02:35:00+04:00 Dubai,23.376855850219727°C,36.87%
2023-03-17T02:40:00+04:00 Dubai,23.376855850219727°C,36.87%
2023-03-17T02:45:00+04:00 Dubai,23.376855850219727°C,36.87%
2023-03-17T02:50:00+04:00 Dubai,23.376855850219727°C,36.87%
2023-03-17T02:55:00+04:00 Dubai,23.376855850219727°C,36.87%
2023-03-17T03:00:00+04:00 Dubai,23.376855850219727°C,36.87%
2023-03-17T03:05:00+04:00 Dubai,23.376855850219727°C,36.87%
2023-03-17T03:10:00+04:00 Dubai,23.376855850219727°C,36.87%
2023-03-17T03:15:00+04:00 Dubai,23.376855850219727°C,36.87%
2023-03-17T03:20:00+04:00 Dubai,23.376855850219727°C,36.87%
2023-03-17T03:25:00+04:00 Dubai,23.376855850219727°C,36.87%
2023-03-17T03:30:00+04:00 Dubai,23.376855850219727°C,36.87%
2023-03-17T03:35:00+04:00 Dubai,23.376855850219727°C,36.87%
2023-03-17T03:40:00+04:00 Dubai,23.376855850219727°C,36.87%
2023-03-17T03:45:00+04:00 Dubai,23.376855850219727°C,36.87%
2023-03-17T03:50:00+04:00 Dubai,23.376855850219727°C,36.87%
2023-03-17T03:55:00+04:00 Dubai,23.376855850219727°C,36.87%
2023-03-17T04:00:00+04:00 Dubai,23.376855850219727°C,36.87%
2023-03-17T04:05:00+04:00 Dubai,23.376855850219727°C,36.87%
2023-03-17T04:10:00+04:00 Dubai,23.376855850219727°C,36.87%
2023-03-17T04:15:00+04:00 Dubai,23.376855850219727°C,36.87%
2023-03-17T04:20:00+04:00 Dubai,23.376855850219727°C,36.87%
2023-03-17T04:25:00+04:00 Dubai,23.376855850219727°C,36.87%
2023-03-17T04:30:00+04:00 Dubai,23.376855850219727°C,36.87%
2023-03-17T04:35:00+04:00 Dubai,23.376855850219727°C,36.87%
2023-03-17T04:40:00+04:00 Dubai,23.376855850219727°C,36.87%
2023-03-17T04:45:00+04:00 Dubai,23.376855850219727°C,36.87%
2023-03-17T04:50:00+04:00 Dubai,23.376855850219727°C,36.87%
2023-03-17T04:55:00+04:00 Dubai,23.376855850219727°C,36.87%
2023-03-17T05:00:00+04:00 Dubai,23.376855850219727°C,36.87%
2023-03-17T05:05:00+04:00 Dubai,23.376855850219727°C,36.87%
2023-03-17T05:10:00+04:00 Dubai,23.376855850219727°C,36.87%
2023-03-17T05:15:00+04:00 Dubai,23.376855850219727°C,36.87%
2023-03-17T05:20:00+04:00 Dubai,23.376855850219727°C,36.87%
2023-03-17T05:25:00+04:00 Dubai,23.376855850219727°C,36.87%
2023-03-17T05:30:00+04:00 Dubai,23.376855850219727°C,36.87%
2023-03-17T05:35:00+04:00 Dubai,23.376855850219727°C,36.87%
2023-03-17T05:40:00+04:00 Dubai,23.376855850219727°C,36.87%
2023-03-17T05:45:00+04:00 Dubai,23.376855850219727°C,36.87%
2023-03-17T05:50:00+04:00 Dubai,23.376855850219727°C,36.87%
2023-03-17T05:55:00+04:00 Dubai,23.376855850219727°C,36.87%
2023-03-17T06:00:00+04:00 Dubai,23.376855850219727°C,36.87%
2023-03-17T06:05:00+04:00 Dubai,23.376855850219727°C,36.87%
2023-03-17T06:10:00+04:00 Dubai,23.376855850219727°C,36.87%
2023-03-17T06:15:00+04:00 Dubai,23.376855850219727°C,36.87%
2023-03-17T06:20:00+04:00 Dubai,23.376855850219727°C,36.87%
2023-03-17T06:25:00+04:00 Dubai,23.376855850219727°C,36.87%
2023-03-17T06:30:00+04:00 Dubai,23.376855850219727°C,36.87%
2023-03-17T06:35:00+04:00 Dubai,23.376855850219727°C,36.87%
2023-03-17T06:40:00+04:00 Dubai,23.376855850219727°C,36.87%
2023-03-17T06:45:00+04:00 Dubai,23.376855850219727°C,36.87%
2023-03-17T06:50:00+04:00 Dubai,23.376855850219727°C,36.87%
2023-03-17T06:55:00+04:00 Dubai,23.376855850219727°C,36.87%
2023-03-17T07:00:00+04:00 Dubai,23.526142120361328°C,36.87%
2023-03-17T07:05:00+04:00 Dubai,23.526142120361328°C,36.87%
2023-03-17T07:10:00+04:00 Dubai,23.526142120361328°C,36.87%
2023-03-17T07:15:00+04:00 Dubai,23.526142120361328°C,38.14%
2023-03-17T07:20:00+04:00 Dubai,23.526142120361328°C,38.14%
2023-03-17T07:25:00+04:00 Dubai,23.675161361694336°C,39.20%
2023-03-17T07:30:00+04:00 Dubai,23.675161361694336°C,39.20%
2023-03-17T07:35:00+04:00 Dubai,23.675161361694336°C,40.33%
2023-03-17T07:40:00+04:00 Dubai,23.675161361694336°C,41.46%
2023-03-17T07:45:00+04:00 Dubai,23.675161361694336°C,41.46%
2023-03-17T07:50:00+04:00 Dubai,23.675161361694336°C,41.46%
2023-03-17T07:55:00+04:00 Dubai,23.823884963989258°C,41.46%
2023-03-17T08:00:00+04:00 Dubai,23.823884963989258°C,41.46%
2023-03-17T08:05:00+04:00 Dubai,23.823884963989258°C,41.46%
2023-03-17T08:10:00+04:00 Dubai,23.973039627075195°C,41.46%
2023-03-17T08:15:00+04:00 Dubai,23.973039627075195°C,41.46%
2023-03-17T08:20:00+04:00 Dubai,23.973039627075195°C,41.46%
2023-03-17T08:25:00+04:00 Dubai,23.973039627075195°C,41.46%
2023-03-17T08:30:00+04:00 Dubai,24.122173309326172°C,41.46%
2023-03-17T08:35:00+04:00 Dubai,24.122173309326172°C,41.46%
2023-03-17T08:40:00+04:00 Dubai,24.122173309326172°C,41.46%
2023-03-17T08:45:00+04:00 Dubai,24.122173309326172°C,41.46%
2023-03-17T08:50:00+04:00 Dubai,24.271331787109375°C,41.46%
2023-03-17T08:55:00+04:00 Dubai,24.271331787109375°C,41.46%
2023-03-17T09:00:00+04:00 Dubai,24.271331787109375°C,41.46%
2023-03-17T09:05:00+04:00 Dubai,24.271331787109375°C,42.59%
2023-03-17T09:10:00+04:00 Dubai,24.271331787109375°C,43.65%
2023-03-17T09:15:00+04:00 Dubai,24.271331787109375°C,46.65%
2023-03-17T09:20:00+04:00 Dubai,24.271331787109375°C,45.55%
2023-03-17T09:25:00+04:00 Dubai,24.271331787109375°C,46.58%
2023-03-17T09:30:00+04:00 Dubai,24.271331787109375°C,48.87%
2023-03-17T09:35:00+04:00 Dubai,24.271331787109375°C,49.89%
2023-03-17T09:40:00+04:00 Dubai,24.271331787109375°C,49.89%
2023-03-17T09:45:00+04:00 Dubai,24.271331787109375°C,52.00%
2023-03-17T09:50:00+04:00 Dubai,24.271331787109375°C,53.13%
2023-03-17T09:55:00+04:00 Dubai,24.271331787109375°C,53.13%
2023-03-17T10:00:00+04:00 Dubai,24.271331787109375°C,54.34%
2023-03-17T10:05:00+04:00 Dubai,24.271331787109375°C,55.50%
2023-03-17T10:10:00+04:00 Dubai,24.271331787109375°C,56.64%
2023-03-17T10:15:00+04:00 Dubai,24.271331787109375°C,56.64%
2023-03-17T10:20:00+04:00 Dubai,24.271331787109375°C,56.64%
2023-03-17T10:25:00+04:00 Dubai,24.271331787109375°C,56.64%
2023-03-17T10:30:00+04:00 Dubai,24.271331787109375°C,57.66%
2023-03-17T10:35:00+04:00 Dubai,24.271331787109375°C,57.66%
2023-03-17T10:40:00+04:00 Dubai,24.271331787109375°C,58.71%
2023-03-17T10:45:00+04:00 Dubai,24.271331787109375°C,58.71%
2023-03-17T10:50:00+04:00 Dubai,24.271331787109375°C,59.85%
2023-03-17T10:55:00+04:00 Dubai,24.271331787109375°C,59.85%
2023-03-17T11:00:00+04:00 Dubai,24.271331787109375°C,59.85%
2023-03-17T11:05:00+04:00 Dubai,24.271331787109375°C,61.23%
2023-03-17T11:10:00+04:00 Dubai,24.271331787109375°C,64.45%
2023-03-17T11:15:00+04:00 Dubai,24.271331787109375°C,66.73%
2023-03-17T11:20:00+04:00 Dubai,24.271331787109375°C,70.61%
2023-03-17T11:25:00+04:00 Dubai,24.420629501342773°C,72.69%
2023-03-17T11:30:00+04:00 Dubai,24.420629501342773°C,75.72%
2023-03-17T11:35:00+04:00 Dubai,24.420629501342773°C,77.74%
2023-03-17T11:40:00+04:00 Dubai,24.420629501342773°C,79.06%
2023-03-17T11:45:00+04:00 Dubai,24.420629501342773°C,81.61%
2023-03-17T11:50:00+04:00 Dubai,24.420629501342773°C,82.74%
2023-03-17T11:55:00+04:00 Dubai,24.420629501342773°C,83.86%
2023-03-17T12:00:00+04:00 Dubai,24.420629501342773°C,86.21%
2023-03-17T12:05:00+04:00 Dubai,24.420629501342773°C,86.21%
2023-03-17T12:10:00+04:00 Dubai,24.420629501342773°C,87.43%
2023-03-17T12:15:00+04:00 Dubai,24.420629501342773°C,88.60%
2023-03-17T12:20:00+04:00 Dubai,24.420629501342773°C,88.60%
2023-03-17T12:25:00+04:00 Dubai,24.420629501342773°C,89.71%
2023-03-17T12:30:00+04:00 Dubai,24.420629501342773°C,89.71%
2023-03-17T12:35:00+04:00 Dubai,24.420629501342773°C,90.71%
2023-03-17T12:40:00+04:00 Dubai,24.420629501342773°C,91.79%
2023-03-17T12:45:00+04:00 Dubai,24.420629501342773°C,91.79%
2023-03-17T12:50:00+04:00 Dubai,24.420629501342773°C,92.83%
2023-03-17T12:55:00+04:00 Dubai,24.420629501342773°C,92.83%
2023-03-17T13:00:00+04:00 Dubai,24.420629501342773°C,92.83%
2023-03-17T13:05:00+04:00 Dubai,24.420629501342773°C,93.89%
2023-03-17T13:10:00+04:00 Dubai,24.420629501342773°C,93.89%
2023-03-17T13:15:00+04:00 Dubai,24.420629501342773°C,93.89%
2023-03-17T13:20:00+04:00 Dubai,24.420629501342773°C,94.89%
2023-03-17T13:25:00+04:00 Dubai,24.420629501342773°C,94.89%
2023-03-17T13:30:00+04:00 Dubai,24.420629501342773°C,94.89%
2023-03-17T13:35:00+04:00 Dubai,24.420629501342773°C,94.89%
2023-03-17T13:40:00+04:00 Dubai,24.420629501342773°C,94.89%
2023-03-17T13:45:00+04:00 Dubai,24.420629501342773°C,94.89%
2023-03-17T13:50:00+04:00 Dubai,24.420629501342773°C,94.89%
2023-03-17T13:55:00+04:00 Dubai,24.420629501342773°C,94.89%
2023-03-17T14:00:00+04:00 Dubai,24.420629501342773°C,94.89%
2023-03-17T14:05:00+04:00 Dubai,24.420629501342773°C,94.89%
2023-03-17T14:10:00+04:00 Dubai,24.420629501342773°C,94.89%
2023-03-17T14:15:00+04:00 Dubai,24.420629501342773°C,94.89%
2023-03-17T14:20:00+04:00 Dubai,24.420629501342773°C,94.89%
2023-03-17T14:25:00+04:00 Dubai,24.420629501342773°C,94.89%
2023-03-17T14:30:00+04:00 Dubai,24.420629501342773°C,94.89%
2023-03-17T14:35:00+04:00 Dubai,24.420629501342773°C,94.89%
2023-03-17T14:40:00+04:00 Dubai,24.420629501342773°C,94.89%
2023-03-17T14:45:00+04:00 Dubai,24.420629501342773°C,94.89%
2023-03-17T14:50:00+04:00 Dubai,24.420629501342773°C,94.89%
2023-03-17T14:55:00+04:00 Dubai,24.420629501342773°C,94.89%
2023-03-17T15:00:00+04:00 Dubai,24.420629501342773°C,94.89%
2023-03-17T15:05:00+04:00 Dubai,24.420629501342773°C,94.89%
2023-03-17T15:10:00+04:00 Dubai,24.420629501342773°C,94.89%
2023-03-17T15:15:00+04:00 Dubai,24.420629501342773°C,94.89%
2023-03-17T15:20:00+04:00 Dubai,24.420629501342773°C,94.89%
2023-03-17T15:25:00+04:00 Dubai,24.420629501342773°C,94.89%
2023-03-17T15:30:00+04:00 Dubai,24.420629501342773°C,94.89%
2023-03-17T15:35:00+04:00 Dubai,24.420629501342773°C,94.89%
2023-03-17T15:40:00+04:00 Dubai,24.420629501342773°C,94.89%
2023-03-17T15:45:00+04:00 Dubai,24.420629501342773°C,94.89%
2023-03-17T15:50:00+04:00 Dubai,24.420629501342773°C,94.89%
2023-03-17T15:55:00+04:00 Dubai,24.420629501342773°C,94.89%
2023-03-17T16:00:00+04:00 Dubai,24.420629501342773°C,94.89%
2023-03-17T16:05:00+04:00 Dubai,24.420629501342773°C,94.89%
2023-03-17T16:10:00+04:00 Dubai,24.420629501342773°C,94.89%
2023-03-17T16:15:00+04:00 Dubai,24.420629501342773°C,94.89%
2023-03-17T16:20:00+04:00 Dubai,24.420629501342773°C,94.89%
2023-03-17T16:25:00+04:00 Dubai,24.420629501342773°C,94.89%
2023-03-17T16:30:00+04:00 Dubai,24.420629501342773°C,94.89%
2023-03-17T16:35:00+04:00 Dubai,24.420629501342773°C,94.89%
2023-03-17T16:40:00+04:00 Dubai,24.420629501342773°C,94.89%
2023-03-17T16:45:00+04:00 Dubai,24.420629501342773°C,94.89%
2023-03-17T16:50:00+04:00 Dubai,24.420629501342773°C,94.89%
2023-03-17T16:55:00+04:00 Dubai,24.420629501342773°C,94.89%
2023-03-17T17:00:00+04:00 Dubai,24.420629501342773°C,94.89%
2023-03-17T17:05:00+04:00 Dubai,24.420629501342773°C,94.89%
2023-03-17T17:10:00+04:00 Dubai,24.420629501342773°C,94.89%
2023-03-17T17:15:00+04:00 Dubai,24.420629501342773°C,94.89%
2023-03-17T17:20:00+04:00 Dubai,24.420629501342773°C,94.89%
2023-03-17T17:25:00+04:00 Dubai,24.420629501342773°C,94.89%
2023-03-17T17:30:00+04:00 Dubai,24.420629501342773°C,94.89%
2023-03-17T17:35:00+04:00 Dubai,24.420629501342773°C,94.89%
2023-03-17T17:40:00+04:00 Dubai,24.420629501342773°C,94.89%
2023-03-17T17:45:00+04:00 Dubai,24.271392822265625°C,94.89%
2023-03-17T17:50:00+04:00 Dubai,24.271392822265625°C,94.89%
2023-03-17T17:55:00+04:00 Dubai,24.271392822265625°C,94.89%
2023-03-17T18:00:00+04:00 Dubai,24.271392822265625°C,94.89%
2023-03-17T18:05:00+04:00 Dubai,24.271392822265625°C,94.89%
2023-03-17T18:10:00+04:00 Dubai,24.271392822265625°C,94.89%
2023-03-17T18:15:00+04:00 Dubai,24.271392822265625°C,94.89%
2023-03-17T18:20:00+04:00 Dubai,24.271392822265625°C,94.89%
2023-03-17T18:25:00+04:00 Dubai,24.271392822265625°C,92.36%
2023-03-17T18:30:00+04:00 Dubai,24.271392822265625°C,91.15%
2023-03-17T18:35:00+04:00 Dubai,24.12211036682129°C,88.64%
2023-03-17T18:40:00+04:00 Dubai,24.12211036682129°C,82.72%
2023-03-17T18:45:00+04:00 Dubai,24.12211036682129°C,78.14%
2023-03-17T18:50:00+04:00 Dubai,23.97340965270996°C,68.37%
2023-03-17T18:55:00+04:00 Dubai,23.97340965270996°C,58.43%
2023-03-17T19:00:00+04:00 Dubai,23.97340965270996°C,49.26%
2023-03-17T19:05:00+04:00 Dubai,23.824703216552734°C,39.87%
2023-03-17T19:10:00+04:00 Dubai,23.824703216552734°C,34.18%
2023-03-17T19:15:00+04:00 Dubai,23.824703216552734°C,35.26%
2023-03-17T19:20:00+04:00 Dubai,23.824703216552734°C,34.07%
2023-03-17T19:25:00+04:00 Dubai,23.824703216552734°C,31.48%
2023-03-17T19:30:00+04:00 Dubai,23.824703216552734°C,29.23%
2023-03-17T19:35:00+04:00 Dubai,23.824703216552734°C,32.76%
2023-03-17T19:40:00+04:00 Dubai,23.824703216552734°C,32.76%
2023-03-17T19:45:00+04:00 Dubai,23.824703216552734°C,32.76%
2023-03-17T19:50:00+04:00 Dubai,23.824703216552734°C,32.76%
2023-03-17T19:55:00+04:00 Dubai,23.824703216552734°C,32.76%
2023-03-17T20:00:00+04:00 Dubai,23.824703216552734°C,32.76%
2023-03-17T20:05:00+04:00 Dubai,23.824703216552734°C,32.76%
2023-03-17T20:10:00+04:00 Dubai,23.824703216552734°C,32.76%
2023-03-17T20:15:00+04:00 Dubai,23.824703216552734°C,32.76%
2023-03-17T20:20:00+04:00 Dubai,23.824703216552734°C,32.76%
2023-03-17T20:25:00+04:00 Dubai,23.824703216552734°C,32.76%
2023-03-17T20:30:00+04:00 Dubai,23.824703216552734°C,32.76%
2023-03-17T20:35:00+04:00 Dubai,23.824703216552734°C,32.76%
2023-03-17T20:40:00+04:00 Dubai,23.824703216552734°C,32.76%
2023-03-17T20:45:00+04:00 Dubai,23.824703216552734°C,32.76%
2023-03-17T20:50:00+04:00 Dubai,23.824703216552734°C,32.76%
2023-03-17T20:55:00+04:00 Dubai,23.824703216552734°C,32.76%
2023-03-17T21:00:00+04:00 Dubai,23.824703216552734°C,32.76%
2023-03-17T21:05:00+04:00 Dubai,23.824703216552734°C,32.76%
2023-03-17T21:10:00+04:00 Dubai,23.824703216552734°C,32.76%
2023-03-17T21:15:00+04:00 Dubai,23.824703216552734°C,32.76%
2023-03-17T21:20:00+04:00 Dubai,23.824703216552734°C,32.76%
2023-03-17T21:25:00+04:00 Dubai,23.824703216552734°C,32.76%
2023-03-17T21:30:00+04:00 Dubai,23.824703216552734°C,32.76%
2023-03-17T21:35:00+04:00 Dubai,23.824703216552734°C,32.76%
2023-03-17T21:40:00+04:00 Dubai,23.824703216552734°C,32.76%
2023-03-17T21:45:00+04:00 Dubai,23.824703216552734°C,32.76%
2023-03-17T21:50:00+04:00 Dubai,23.824703216552734°C,32.76%
2023-03-17T21:55:00+04:00 Dubai,23.824703216552734°C,32.76%
2023-03-17T22:00:00+04:00 Dubai,23.824703216552734°C,32.76%
2023-03-17T22:05:00+04:00 Dubai,23.824703216552734°C,32.76%
2023-03-17T22:10:00+04:00 Dubai,23.824703216552734°C,32.76%
2023-03-17T22:15:00+04:00 Dubai,23.824703216552734°C,32.76%
2023-03-17T22:20:00+04:00 Dubai,23.824703216552734°C,32.76%
2023-03-17T22:25:00+04:00 Dubai,23.824703216552734°C,32.76%
2023-03-17T22:30:00+04:00 Dubai,23.824703216552734°C,32.76%
2023-03-17T22:35:00+04:00 Dubai,23.824703216552734°C,32.76%
2023-03-17T22:40:00+04:00 Dubai,23.824703216552734°C,32.76%
2023-03-17T22:45:00+04:00 Dubai,23.67565155029297°C,32.76%
2023-03-17T22:50:00+04:00 Dubai,23.67565155029297°C,32.76%
2023-03-17T22:55:00+04:00 Dubai,23.67565155029297°C,32.76%
2023-03-17T23:00:00+04:00 Dubai,23.67565155029297°C,32.76%
2023-03-17T23:05:00+04:00 Dubai,23.67565155029297°C,32.76%
2023-03-17T23:10:00+04:00 Dubai,23.52582359313965°C,32.76%
2023-03-17T23:15:00+04:00 Dubai,23.52582359313965°C,32.76%
2023-03-17T23:20:00+04:00 Dubai,23.52582359313965°C,32.76%
2023-03-17T23:25:00+04:00 Dubai,23.377233505249023°C,32.76%
2023-03-17T23:30:00+04:00 Dubai,23.377233505249023°C,32.76%
2023-03-17T23:35:00+04:00 Dubai,23.377233505249023°C,32.76%
2023-03-17T23:40:00+04:00 Dubai,23.377233505249023°C,32.76%
2023-03-17T23:45:00+04:00 Dubai,23.377233505249023°C,32.76%
2023-03-17T23:50:00+04:00 Dubai,23.377233505249023°C,32.76%
2023-03-17T23:55:00+04:00 Dubai,23.377233505249023°C,32.76%
2023-03-18T00:00:00+04:00 Dubai,23.377233505249023°C,1.19%
2023-03-18T00:05:00+04:00 Dubai,23.228668212890625°C,7.97%
2023-03-18T00:10:00+04:00 Dubai,23.228668212890625°C,25.98%
2023-03-18T00:15:00+04:00 Dubai,23.228668212890625°C,24.77%
2023-03-18T00:20:00+04:00 Dubai,23.228668212890625°C,24.77%
2023-03-18T00:25:00+04:00 Dubai,23.228668212890625°C,24.77%
2023-03-18T00:30:00+04:00 Dubai,23.08015251159668°C,24.77%
2023-03-18T00:35:00+04:00 Dubai,23.08015251159668°C,24.77%
2023-03-18T00:40:00+04:00 Dubai,23.08015251159668°C,24.77%
2023-03-18T00:45:00+04:00 Dubai,23.08015251159668°C,24.77%
2023-03-18T00:50:00+04:00 Dubai,23.08015251159668°C,24.77%
2023-03-18T00:55:00+04:00 Dubai,22.931549072265625°C,24.77%
2023-03-18T01:00:00+04:00 Dubai,22.931549072265625°C,24.77%
2023-03-18T01:05:00+04:00 Dubai,22.931549072265625°C,24.77%
2023-03-18T01:10:00+04:00 Dubai,22.931549072265625°C,24.77%
2023-03-18T01:15:00+04:00 Dubai,22.931549072265625°C,24.77%
2023-03-18T01:20:00+04:00 Dubai,22.931549072265625°C,24.77%
2023-03-18T01:25:00+04:00 Dubai,22.931549072265625°C,24.77%
2023-03-18T01:30:00+04:00 Dubai,22.782392501831055°C,24.77%
2023-03-18T01:35:00+04:00 Dubai,22.782392501831055°C,24.77%
2023-03-18T01:40:00+04:00 Dubai,22.782392501831055°C,24.77%
2023-03-18T01:45:00+04:00 Dubai,22.782392501831055°C,24.77%
2023-03-18T01:50:00+04:00 Dubai,22.782392501831055°C,24.77%
2023-03-18T01:55:00+04:00 Dubai,22.782392501831055°C,24.77%
2023-03-18T02:00:00+04:00 Dubai,22.782392501831055°C,24.77%
2023-03-18T02:05:00+04:00 Dubai,22.782392501831055°C,24.77%
2023-03-18T02:10:00+04:00 Dubai,22.782392501831055°C,24.77%
2023-03-18T02:15:00+04:00 Dubai,22.782392501831055°C,24.77%
2023-03-18T02:20:00+04:00 Dubai,22.782392501831055°C,24.77%
2023-03-18T02:25:00+04:00 Dubai,22.782392501831055°C,24.77%
2023-03-18T02:30:00+04:00 Dubai,22.782392501831055°C,24.77%
2023-03-18T02:35:00+04:00 Dubai,22.782392501831055°C,24.77%
2023-03-18T02:40:00+04:00 Dubai,22.782392501831055°C,24.77%
2023-03-18T02:45:00+04:00 Dubai,22.782392501831055°C,24.77%
2023-03-18T02:50:00+04:00 Dubai,22.782392501831055°C,24.77%
2023-03-18T02:55:00+04:00 Dubai,22.782392501831055°C,24.77%
2023-03-18T03:00:00+04:00 Dubai,22.782392501831055°C,24.77%
2023-03-18T03:05:00+04:00 Dubai,22.782392501831055°C,24.77%
2023-03-18T03:10:00+04:00 Dubai,22.782392501831055°C,24.77%
2023-03-18T03:15:00+04:00 Dubai,22.782392501831055°C,24.77%
2023-03-18T03:20:00+04:00 Dubai,22.782392501831055°C,24.77%
2023-03-18T03:25:00+04:00 Dubai,22.782392501831055°C,24.77%
2023-03-18T03:30:00+04:00 Dubai,22.782392501831055°C,24.77%
2023-03-18T03:35:00+04:00 Dubai,22.782392501831055°C,24.77%
2023-03-18T03:40:00+04:00 Dubai,22.633874893188477°C,24.77%
2023-03-18T03:45:00+04:00 Dubai,22.633874893188477°C,24.77%
2023-03-18T03:50:00+04:00 Dubai,22.633874893188477°C,24.77%
2023-03-18T03:55:00+04:00 Dubai,22.633874893188477°C,24.77%
2023-03-18T04:00:00+04:00 Dubai,22.633874893188477°C,24.77%
2023-03-18T04:05:00+04:00 Dubai,22.633874893188477°C,24.77%
2023-03-18T04:10:00+04:00 Dubai,22.633874893188477°C,24.77%
2023-03-18T04:15:00+04:00 Dubai,22.633874893188477°C,24.77%
2023-03-18T04:20:00+04:00 Dubai,22.633874893188477°C,24.77%
2023-03-18T04:25:00+04:00 Dubai,22.633874893188477°C,24.77%
2023-03-18T04:30:00+04:00 Dubai,22.484342575073242°C,24.77%
2023-03-18T04:35:00+04:00 Dubai,22.484342575073242°C,24.77%
2023-03-18T04:40:00+04:00 Dubai,22.484342575073242°C,24.77%
2023-03-18T04:45:00+04:00 Dubai,22.484342575073242°C,24.77%
2023-03-18T04:50:00+04:00 Dubai,22.484342575073242°C,24.77%
2023-03-18T04:55:00+04:00 Dubai,22.484342575073242°C,24.77%
2023-03-18T05:00:00+04:00 Dubai,22.484342575073242°C,24.77%
2023-03-18T05:05:00+04:00 Dubai,22.484342575073242°C,24.77%
2023-03-18T05:10:00+04:00 Dubai,22.484342575073242°C,24.77%
2023-03-18T05:15:00+04:00 Dubai,22.484342575073242°C,24.77%
2023-03-18T05:20:00+04:00 Dubai,22.484342575073242°C,24.77%
2023-03-18T05:25:00+04:00 Dubai,22.484342575073242°C,24.77%
2023-03-18T05:30:00+04:00 Dubai,22.484342575073242°C,24.77%
2023-03-18T05:35:00+04:00 Dubai,22.484342575073242°C,24.77%
2023-03-18T05:40:00+04:00 Dubai,22.484342575073242°C,24.77%
2023-03-18T05:45:00+04:00 Dubai,22.484342575073242°C,24.77%
2023-03-18T05:50:00+04:00 Dubai,22.484342575073242°C,24.77%
2023-03-18T05:55:00+04:00 Dubai,22.484342575073242°C,24.77%
2023-03-18T06:00:00+04:00 Dubai,22.484342575073242°C,24.77%
2023-03-18T06:05:00+04:00 Dubai,22.484342575073242°C,24.77%
2023-03-18T06:10:00+04:00 Dubai,22.484342575073242°C,24.77%
2023-03-18T06:15:00+04:00 Dubai,22.484342575073242°C,24.77%
2023-03-18T06:20:00+04:00 Dubai,22.484342575073242°C,24.77%
2023-03-18T06:25:00+04:00 Dubai,22.484342575073242°C,24.77%
2023-03-18T06:30:00+04:00 Dubai,22.484342575073242°C,24.77%
2023-03-18T06:35:00+04:00 Dubai,22.484342575073242°C,24.77%
2023-03-18T06:40:00+04:00 Dubai,22.484342575073242°C,24.77%
2023-03-18T06:45:00+04:00 Dubai,22.484342575073242°C,24.77%
2023-03-18T06:50:00+04:00 Dubai,22.484342575073242°C,24.77%
2023-03-18T06:55:00+04:00 Dubai,22.484342575073242°C,24.77%
2023-03-18T07:00:00+04:00 Dubai,22.484342575073242°C,24.77%
2023-03-18T07:05:00+04:00 Dubai,22.484342575073242°C,24.77%
2023-03-18T07:10:00+04:00 Dubai,22.484342575073242°C,24.77%
2023-03-18T07:15:00+04:00 Dubai,22.484342575073242°C,24.77%
2023-03-18T07:20:00+04:00 Dubai,22.484342575073242°C,24.77%
2023-03-18T07:25:00+04:00 Dubai,22.484342575073242°C,24.77%
2023-03-18T07:30:00+04:00 Dubai,22.484342575073242°C,24.77%
2023-03-18T07:35:00+04:00 Dubai,22.484342575073242°C,24.77%
2023-03-18T07:40:00+04:00 Dubai,22.484342575073242°C,24.77%
2023-03-18T07:45:00+04:00 Dubai,22.484342575073242°C,24.77%
2023-03-18T07:50:00+04:00 Dubai,22.634336471557617°C,24.77%
2023-03-18T07:55:00+04:00 Dubai,22.634336471557617°C,24.77%
2023-03-18T08:00:00+04:00 Dubai,22.634336471557617°C,24.77%
2023-03-18T08:05:00+04:00 Dubai,22.783119201660156°C,24.77%
2023-03-18T08:10:00+04:00 Dubai,22.783119201660156°C,24.77%
2023-03-18T08:15:00+04:00 Dubai,22.783119201660156°C,24.77%
2023-03-18T08:20:00+04:00 Dubai,22.93218421936035°C,24.77%
2023-03-18T08:25:00+04:00 Dubai,22.93218421936035°C,24.77%
2023-03-18T08:30:00+04:00 Dubai,22.93218421936035°C,24.77%
2023-03-18T08:35:00+04:00 Dubai,23.080913543701172°C,24.77%
2023-03-18T08:40:00+04:00 Dubai,23.080913543701172°C,26.10%
2023-03-18T08:45:00+04:00 Dubai,23.080913543701172°C,28.58%
2023-03-18T08:50:00+04:00 Dubai,23.080913543701172°C,31.39%
2023-03-18T08:55:00+04:00 Dubai,23.231109619140625°C,34.20%
2023-03-18T09:00:00+04:00 Dubai,23.231109619140625°C,36.83%
2023-03-18T09:05:00+04:00 Dubai,23.231109619140625°C,35.25%
2023-03-18T09:10:00+04:00 Dubai,23.37990951538086°C,34.16%
2023-03-18T09:15:00+04:00 Dubai,23.37990951538086°C,34.16%
2023-03-18T09:20:00+04:00 Dubai,23.37990951538086°C,34.16%
2023-03-18T09:25:00+04:00 Dubai,23.37990951538086°C,35.21%
2023-03-18T09:30:00+04:00 Dubai,23.52944564819336°C,37.36%
2023-03-18T09:35:00+04:00 Dubai,23.52944564819336°C,38.52%
2023-03-18T09:40:00+04:00 Dubai,23.52944564819336°C,41.08%
2023-03-18T09:45:00+04:00 Dubai,23.52944564819336°C,39.68%
2023-03-18T09:50:00+04:00 Dubai,23.678125381469727°C,39.68%
2023-03-18T09:55:00+04:00 Dubai,23.678125381469727°C,39.68%
2023-03-18T10:00:00+04:00 Dubai,23.678125381469727°C,39.68%
2023-03-18T10:05:00+04:00 Dubai,23.678125381469727°C,39.68%
2023-03-18T10:10:00+04:00 Dubai,23.678125381469727°C,39.68%
2023-03-18T10:15:00+04:00 Dubai,23.678125381469727°C,39.68%
2023-03-18T10:20:00+04:00 Dubai,23.826709747314453°C,39.68%
2023-03-18T10:25:00+04:00 Dubai,23.826709747314453°C,39.68%
2023-03-18T10:30:00+04:00 Dubai,23.826709747314453°C,39.68%
2023-03-18T10:35:00+04:00 Dubai,23.826709747314453°C,39.68%
2023-03-18T10:40:00+04:00 Dubai,23.826709747314453°C,39.68%
2023-03-18T10:45:00+04:00 Dubai,23.826709747314453°C,39.68%
2023-03-18T10:50:00+04:00 Dubai,23.826709747314453°C,39.68%
2023-03-18T10:55:00+04:00 Dubai,23.826709747314453°C,39.68%
2023-03-18T11:00:00+04:00 Dubai,23.826709747314453°C,39.68%
2023-03-18T11:05:00+04:00 Dubai,23.826709747314453°C,39.68%
2023-03-18T11:10:00+04:00 Dubai,23.826709747314453°C,39.68%
2023-03-18T11:15:00+04:00 Dubai,23.826709747314453°C,39.68%
2023-03-18T11:20:00+04:00 Dubai,23.826709747314453°C,39.68%
2023-03-18T11:25:00+04:00 Dubai,23.826709747314453°C,39.68%
2023-03-18T11:30:00+04:00 Dubai,23.826709747314453°C,39.68%
2023-03-18T11:35:00+04:00 Dubai,23.826709747314453°C,39.68%
2023-03-18T11:40:00+04:00 Dubai,23.826709747314453°C,39.68%
2023-03-18T11:45:00+04:00 Dubai,23.826709747314453°C,39.68%
2023-03-18T11:50:00+04:00 Dubai,23.826709747314453°C,39.68%
2023-03-18T11:55:00+04:00 Dubai,23.826709747314453°C,39.68%
2023-03-18T12:00:00+04:00 Dubai,23.826709747314453°C,39.68%
2023-03-18T12:05:00+04:00 Dubai,23.826709747314453°C,39.68%
2023-03-18T12:10:00+04:00 Dubai,23.826709747314453°C,39.68%
2023-03-18T12:15:00+04:00 Dubai,23.826709747314453°C,39.68%
2023-03-18T12:20:00+04:00 Dubai,23.826709747314453°C,39.68%
2023-03-18T12:25:00+04:00 Dubai,23.826709747314453°C,39.68%
2023-03-18T12:30:00+04:00 Dubai,23.826709747314453°C,39.68%
2023-03-18T12:35:00+04:00 Dubai,23.826709747314453°C,39.68%
2023-03-18T12:40:00+04:00 Dubai,23.826709747314453°C,39.68%
2023-03-18T12:45:00+04:00 Dubai,23.826709747314453°C,39.68%
2023-03-18T12:50:00+04:00 Dubai,23.826709747314453°C,39.68%
2023-03-18T12:55:00+04:00 Dubai,23.826709747314453°C,39.68%
2023-03-18T13:00:00+04:00 Dubai,23.826709747314453°C,39.68%
2023-03-18T13:05:00+04:00 Dubai,23.826709747314453°C,39.68%
2023-03-18T13:10:00+04:00 Dubai,23.826709747314453°C,39.68%
2023-03-18T13:15:00+04:00 Dubai,23.826709747314453°C,39.68%
2023-03-18T13:20:00+04:00 Dubai,23.826709747314453°C,39.68%
2023-03-18T13:25:00+04:00 Dubai,23.826709747314453°C,39.68%
2023-03-18T13:30:00+04:00 Dubai,23.826709747314453°C,39.68%
2023-03-18T13:35:00+04:00 Dubai,23.826709747314453°C,39.68%
2023-03-18T13:40:00+04:00 Dubai,23.826709747314453°C,39.68%
2023-03-18T13:45:00+04:00 Dubai,23.826709747314453°C,39.68%
2023-03-18T13:50:00+04:00 Dubai,23.826709747314453°C,39.68%
2023-03-18T13:55:00+04:00 Dubai,23.826709747314453°C,39.68%
2023-03-18T14:00:00+04:00 Dubai,23.826709747314453°C,39.68%
2023-03-18T14:05:00+04:00 Dubai,23.826709747314453°C,39.68%
2023-03-18T14:10:00+04:00 Dubai,23.826709747314453°C,39.68%
2023-03-18T14:15:00+04:00 Dubai,23.826709747314453°C,38.58%
2023-03-18T14:20:00+04:00 Dubai,23.826709747314453°C,38.58%
2023-03-18T14:25:00+04:00 Dubai,23.826709747314453°C,38.58%
2023-03-18T14:30:00+04:00 Dubai,23.826709747314453°C,38.58%
2023-03-18T14:35:00+04:00 Dubai,23.826709747314453°C,38.58%
2023-03-18T14:40:00+04:00 Dubai,23.826709747314453°C,38.58%
2023-03-18T14:45:00+04:00 Dubai,23.826709747314453°C,38.58%
2023-03-18T14:50:00+04:00 Dubai,23.826709747314453°C,38.58%
2023-03-18T14:55:00+04:00 Dubai,23.826709747314453°C,38.58%
2023-03-18T15:00:00+04:00 Dubai,23.826709747314453°C,38.58%
2023-03-18T15:05:00+04:00 Dubai,23.826709747314453°C,38.58%
2023-03-18T15:10:00+04:00 Dubai,23.826709747314453°C,38.58%
2023-03-18T15:15:00+04:00 Dubai,23.826709747314453°C,38.58%
2023-03-18T15:20:00+04:00 Dubai,23.826709747314453°C,38.58%
2023-03-18T15:25:00+04:00 Dubai,23.826709747314453°C,38.58%
2023-03-18T15:30:00+04:00 Dubai,23.826709747314453°C,38.58%
2023-03-18T15:35:00+04:00 Dubai,23.826709747314453°C,38.58%
2023-03-18T15:40:00+04:00 Dubai,23.826709747314453°C,38.58%
2023-03-18T15:45:00+04:00 Dubai,23.826709747314453°C,38.58%
2023-03-18T15:50:00+04:00 Dubai,23.826709747314453°C,38.58%
2023-03-18T15:55:00+04:00 Dubai,23.826709747314453°C,38.58%
2023-03-18T16:00:00+04:00 Dubai,23.826709747314453°C,38.58%
2023-03-18T16:05:00+04:00 Dubai,23.826709747314453°C,38.58%
2023-03-18T16:10:00+04:00 Dubai,23.826709747314453°C,38.58%
2023-03-18T16:15:00+04:00 Dubai,23.826709747314453°C,38.58%
2023-03-18T16:20:00+04:00 Dubai,23.826709747314453°C,38.58%
2023-03-18T16:25:00+04:00 Dubai,23.826709747314453°C,38.58%
2023-03-18T16:30:00+04:00 Dubai,23.826709747314453°C,38.58%
2023-03-18T16:35:00+04:00 Dubai,23.826709747314453°C,38.58%
2023-03-18T16:40:00+04:00 Dubai,23.826709747314453°C,38.58%
2023-03-18T16:45:00+04:00 Dubai,23.826709747314453°C,38.58%
2023-03-18T16:50:00+04:00 Dubai,23.826709747314453°C,38.58%
2023-03-18T16:55:00+04:00 Dubai,23.826709747314453°C,38.58%
2023-03-18T17:00:00+04:00 Dubai,23.826709747314453°C,38.58%
2023-03-18T17:05:00+04:00 Dubai,23.826709747314453°C,38.58%
2023-03-18T17:10:00+04:00 Dubai,23.826709747314453°C,38.58%
2023-03-18T17:15:00+04:00 Dubai,23.826709747314453°C,38.58%
2023-03-18T17:20:00+04:00 Dubai,23.826709747314453°C,38.58%
2023-03-18T17:25:00+04:00 Dubai,23.826709747314453°C,38.58%
2023-03-18T17:30:00+04:00 Dubai,23.826709747314453°C,38.58%
2023-03-18T17:35:00+04:00 Dubai,23.826709747314453°C,36.54%
2023-03-18T17:40:00+04:00 Dubai,23.67815589904785°C,33.84%
2023-03-18T17:45:00+04:00 Dubai,23.67815589904785°C,34.89%
2023-03-18T17:50:00+04:00 Dubai,23.67815589904785°C,34.89%
2023-03-18T17:55:00+04:00 Dubai,23.67815589904785°C,34.89%
2023-03-18T18:00:00+04:00 Dubai,23.67815589904785°C,34.89%
2023-03-18T18:05:00+04:00 Dubai,23.67815589904785°C,34.89%
2023-03-18T18:10:00+04:00 Dubai,23.67815589904785°C,34.89%
2023-03-18T18:15:00+04:00 Dubai,23.67815589904785°C,34.89%
2023-03-18T18:20:00+04:00 Dubai,23.529239654541016°C,34.89%
2023-03-18T18:25:00+04:00 Dubai,23.529239654541016°C,34.89%
2023-03-18T18:30:00+04:00 Dubai,23.529239654541016°C,34.89%
2023-03-18T18:35:00+04:00 Dubai,23.529239654541016°C,34.89%
2023-03-18T18:40:00+04:00 Dubai,23.380170822143555°C,33.82%
2023-03-18T18:45:00+04:00 Dubai,23.380170822143555°C,32.49%
2023-03-18T18:50:00+04:00 Dubai,23.380170822143555°C,31.43%
2023-03-18T18:55:00+04:00 Dubai,23.380170822143555°C,29.26%
2023-03-18T19:00:00+04:00 Dubai,23.380170822143555°C,28.18%
2023-03-18T19:05:00+04:00 Dubai,23.380170822143555°C,26.44%
2023-03-18T19:10:00+04:00 Dubai,23.380170822143555°C,27.76%
2023-03-18T19:15:00+04:00 Dubai,23.380170822143555°C,27.76%
2023-03-18T19:20:00+04:00 Dubai,23.380170822143555°C,27.76%
2023-03-18T19:25:00+04:00 Dubai,23.231653213500977°C,27.76%
2023-03-18T19:30:00+04:00 Dubai,23.231653213500977°C,27.76%
2023-03-18T19:35:00+04:00 Dubai,23.231653213500977°C,27.76%
2023-03-18T19:40:00+04:00 Dubai,23.231653213500977°C,27.76%
2023-03-18T19:45:00+04:00 Dubai,23.231653213500977°C,27.76%
2023-03-18T19:50:00+04:00 Dubai,23.231653213500977°C,27.76%
2023-03-18T19:55:00+04:00 Dubai,23.231653213500977°C,27.76%
2023-03-18T20:00:00+04:00 Dubai,23.231653213500977°C,27.76%
2023-03-18T20:05:00+04:00 Dubai,23.231653213500977°C,27.76%
2023-03-18T20:10:00+04:00 Dubai,23.082666397094727°C,27.76%
2023-03-18T20:15:00+04:00 Dubai,23.082666397094727°C,27.76%
2023-03-18T20:20:00+04:00 Dubai,23.082666397094727°C,27.76%
2023-03-18T20:25:00+04:00 Dubai,23.082666397094727°C,27.76%
2023-03-18T20:30:00+04:00 Dubai,23.082666397094727°C,27.76%
2023-03-18T20:35:00+04:00 Dubai,23.082666397094727°C,27.76%
2023-03-18T20:40:00+04:00 Dubai,23.082666397094727°C,27.76%
2023-03-18T20:45:00+04:00 Dubai,23.082666397094727°C,27.76%
2023-03-18T20:50:00+04:00 Dubai,23.082666397094727°C,27.76%
2023-03-18T20:55:00+04:00 Dubai,23.082666397094727°C,27.76%
2023-03-18T21:00:00+04:00 Dubai,23.082666397094727°C,27.76%
2023-03-18T21:05:00+04:00 Dubai,23.082666397094727°C,27.76%
2023-03-18T21:10:00+04:00 Dubai,23.082666397094727°C,27.76%
2023-03-18T21:15:00+04:00 Dubai,23.082666397094727°C,27.76%
2023-03-18T21:20:00+04:00 Dubai,23.082666397094727°C,27.76%
2023-03-18T21:25:00+04:00 Dubai,23.082666397094727°C,27.76%
2023-03-18T21:30:00+04:00 Dubai,23.082666397094727°C,27.76%
2023-03-18T21:35:00+04:00 Dubai,23.082666397094727°C,27.76%
2023-03-18T21:40:00+04:00 Dubai,23.082666397094727°C,27.76%
2023-03-18T21:45:00+04:00 Dubai,23.082666397094727°C,27.76%
2023-03-18T21:50:00+04:00 Dubai,23.082666397094727°C,27.76%
2023-03-18T21:55:00+04:00 Dubai,23.082666397094727°C,27.76%
2023-03-18T22:00:00+04:00 Dubai,23.082666397094727°C,27.76%
2023-03-18T22:05:00+04:00 Dubai,23.082666397094727°C,27.76%
2023-03-18T22:10:00+04:00 Dubai,23.082666397094727°C,27.76%
2023-03-18T22:15:00+04:00 Dubai,23.082666397094727°C,27.76%
2023-03-18T22:20:00+04:00 Dubai,23.082666397094727°C,27.76%
2023-03-18T22:25:00+04:00 Dubai,23.082666397094727°C,27.76%
2023-03-18T22:30:00+04:00 Dubai,23.082666397094727°C,27.76%
2023-03-18T22:35:00+04:00 Dubai,22.934162139892578°C,27.76%
2023-03-18T22:40:00+04:00 Dubai,22.934162139892578°C,27.76%
2023-03-18T22:45:00+04:00 Dubai,22.934162139892578°C,27.76%
2023-03-18T22:50:00+04:00 Dubai,22.934162139892578°C,27.76%
2023-03-18T22:55:00+04:00 Dubai,22.934162139892578°C,27.76%
2023-03-18T23:00:00+04:00 Dubai,22.934162139892578°C,27.76%
2023-03-18T23:05:00+04:00 Dubai,22.934162139892578°C,27.76%
2023-03-18T23:10:00+04:00 Dubai,22.934162139892578°C,27.76%
2023-03-18T23:15:00+04:00 Dubai,22.934162139892578°C,27.76%
2023-03-18T23:20:00+04:00 Dubai,22.934162139892578°C,27.76%
2023-03-18T23:25:00+04:00 Dubai,22.934162139892578°C,27.76%
2023-03-18T23:30:00+04:00 Dubai,22.934162139892578°C,27.76%
2023-03-18T23:35:00+04:00 Dubai,22.934162139892578°C,27.76%
2023-03-18T23:40:00+04:00 Dubai,22.934162139892578°C,27.76%
2023-03-18T23:45:00+04:00 Dubai,22.934162139892578°C,27.76%
2023-03-18T23:50:00+04:00 Dubai,22.934162139892578°C,27.76%
2023-03-18T23:55:00+04:00 Dubai,22.934162139892578°C,27.76%
2023-03-19T00:00:00+04:00 Dubai,22.934162139892578°C,0%
2023-03-19T00:05:00+04:00 Dubai,22.934162139892578°C,6.79%
2023-03-19T00:10:00+04:00 Dubai,22.934162139892578°C,20.19%
2023-03-19T00:15:00+04:00 Dubai,22.934162139892578°C,20.19%
2023-03-19T00:20:00+04:00 Dubai,22.783287048339844°C,24.26%
2023-03-19T00:25:00+04:00 Dubai,22.783287048339844°C,26.30%
2023-03-19T00:30:00+04:00 Dubai,22.783287048339844°C,26.30%
2023-03-19T00:35:00+04:00 Dubai,22.633480072021484°C,27.34%
2023-03-19T00:40:00+04:00 Dubai,22.633480072021484°C,28.38%
2023-03-19T00:45:00+04:00 Dubai,22.633480072021484°C,29.43%
2023-03-19T00:50:00+04:00 Dubai,22.633480072021484°C,30.55%
2023-03-19T00:55:00+04:00 Dubai,22.633480072021484°C,30.51%
2023-03-19T01:00:00+04:00 Dubai,22.633480072021484°C,30.51%
2023-03-19T01:05:00+04:00 Dubai,22.633480072021484°C,30.51%
